type,index,x,y,cluster,feature_x,feature_y,clustering_space,display_space,sse,silhouette,n_clusters,seed
sample,0,15.26,5.22,2,Area,Kernel groove length,7-feature standardized,2-feature original scale,430.6589731513006,0.40072705527512986,3,42
sample,1,14.88,4.956,2,Area,Kernel groove length,7-feature standardized,2-feature original scale,430.6589731513006,0.40072705527512986,3,42
sample,2,14.29,4.825,2,Area,Kernel groove length,7-feature standardized,2-feature original scale,430.6589731513006,0.40072705527512986,3,42
sample,3,13.84,4.805,2,Area,Kernel groove length,7-feature standardized,2-feature original scale,430.6589731513006,0.40072705527512986,3,42
sample,4,16.14,5.175,2,Area,Kernel groove length,7-feature standardized,2-feature original scale,430.6589731513006,0.40072705527512986,3,42
sample,5,14.38,4.956,2,Area,Kernel groove length,7-feature standardized,2-feature original scale,430.6589731513006,0.40072705527512986,3,42
sample,6,14.69,5.219,2,Area,Kernel groove length,7-feature standardized,2-feature original scale,430.6589731513006,0.40072705527512986,3,42
sample,7,14.11,5.0,2,Area,Kernel groove length,7-feature standardized,2-feature original scale,430.6589731513006,0.40072705527512986,3,42
sample,8,16.63,5.877,0,Area,Kernel groove length,7-feature standardized,2-feature original scale,430.6589731513006,0.40072705527512986,3,42
sample,9,16.44,5.533,2,Area,Kernel groove length,7-feature standardized,2-feature original scale,430.6589731513006,0.40072705527512986,3,42
sample,10,15.26,5.314,2,Area,Kernel groove length,7-feature standardized,2-feature original scale,430.6589731513006,0.40072705527512986,3,42
sample,11,14.03,5.001,2,Area,Kernel groove length,7-feature standardized,2-feature original scale,430.6589731513006,0.40072705527512986,3,42
sample,12,13.89,4.738,2,Area,Kernel groove length,7-feature standardized,2-feature original scale,430.6589731513006,0.40072705527512986,3,42
sample,13,13.78,4.872,2,Area,Kernel groove length,7-feature standardized,2-feature original scale,430.6589731513006,0.40072705527512986,3,42
sample,14,13.74,4.825,2,Area,Kernel groove length,7-feature standardized,2-feature original scale,430.6589731513006,0.40072705527512986,3,42
sample,15,14.59,4.781,2,Area,Kernel groove length,7-feature standardized,2-feature original scale,430.6589731513006,0.40072705527512986,3,42
sample,16,13.99,4.781,2,Area,Kernel groove length,7-feature standardized,2-feature original scale,430.6589731513006,0.40072705527512986,3,42
sample,17,15.69,5.046,2,Area,Kernel groove length,7-feature standardized,2-feature original scale,430.6589731513006,0.40072705527512986,3,42
sample,18,14.7,4.649,2,Area,Kernel groove length,7-feature standardized,2-feature original scale,430.6589731513006,0.40072705527512986,3,42
sample,19,12.72,4.914,1,Area,Kernel groove length,7-feature standardized,2-feature original scale,430.6589731513006,0.40072705527512986,3,42
sample,20,14.16,5.176,2,Area,Kernel groove length,7-feature standardized,2-feature original scale,430.6589731513006,0.40072705527512986,3,42
sample,21,14.11,5.219,2,Area,Kernel groove length,7-feature standardized,2-feature original scale,430.6589731513006,0.40072705527512986,3,42
sample,22,15.88,5.091,2,Area,Kernel groove length,7-feature standardized,2-feature original scale,430.6589731513006,0.40072705527512986,3,42
sample,23,12.08,4.961,2,Area,Kernel groove length,7-feature standardized,2-feature original scale,430.6589731513006,0.40072705527512986,3,42
sample,24,15.01,5.001,2,Area,Kernel groove length,7-feature standardized,2-feature original scale,430.6589731513006,0.40072705527512986,3,42
sample,25,16.19,5.307,2,Area,Kernel groove length,7-feature standardized,2-feature original scale,430.6589731513006,0.40072705527512986,3,42
sample,26,13.02,4.825,2,Area,Kernel groove length,7-feature standardized,2-feature original scale,430.6589731513006,0.40072705527512986,3,42
sample,27,12.74,4.869,2,Area,Kernel groove length,7-feature standardized,2-feature original scale,430.6589731513006,0.40072705527512986,3,42
sample,28,14.11,5.038,2,Area,Kernel groove length,7-feature standardized,2-feature original scale,430.6589731513006,0.40072705527512986,3,42
sample,29,13.45,5.097,2,Area,Kernel groove length,7-feature standardized,2-feature original scale,430.6589731513006,0.40072705527512986,3,42
sample,30,13.16,5.056,2,Area,Kernel groove length,7-feature standardized,2-feature original scale,430.6589731513006,0.40072705527512986,3,42
sample,31,15.49,5.228,2,Area,Kernel groove length,7-feature standardized,2-feature original scale,430.6589731513006,0.40072705527512986,3,42
sample,32,14.09,5.299,2,Area,Kernel groove length,7-feature standardized,2-feature original scale,430.6589731513006,0.40072705527512986,3,42
sample,33,13.94,5.012,2,Area,Kernel groove length,7-feature standardized,2-feature original scale,430.6589731513006,0.40072705527512986,3,42
sample,34,15.05,5.36,2,Area,Kernel groove length,7-feature standardized,2-feature original scale,430.6589731513006,0.40072705527512986,3,42
sample,35,16.12,5.443,2,Area,Kernel groove length,7-feature standardized,2-feature original scale,430.6589731513006,0.40072705527512986,3,42
sample,36,16.2,5.527,2,Area,Kernel groove length,7-feature standardized,2-feature original scale,430.6589731513006,0.40072705527512986,3,42
sample,37,17.08,5.484,0,Area,Kernel groove length,7-feature standardized,2-feature original scale,430.6589731513006,0.40072705527512986,3,42
sample,38,14.8,5.309,2,Area,Kernel groove length,7-feature standardized,2-feature original scale,430.6589731513006,0.40072705527512986,3,42
sample,39,14.28,5.001,2,Area,Kernel groove length,7-feature standardized,2-feature original scale,430.6589731513006,0.40072705527512986,3,42
sample,40,13.54,5.178,2,Area,Kernel groove length,7-feature standardized,2-feature original scale,430.6589731513006,0.40072705527512986,3,42
sample,41,13.5,5.176,2,Area,Kernel groove length,7-feature standardized,2-feature original scale,430.6589731513006,0.40072705527512986,3,42
sample,42,13.16,4.783,2,Area,Kernel groove length,7-feature standardized,2-feature original scale,430.6589731513006,0.40072705527512986,3,42
sample,43,15.5,5.528,2,Area,Kernel groove length,7-feature standardized,2-feature original scale,430.6589731513006,0.40072705527512986,3,42
sample,44,15.11,5.18,2,Area,Kernel groove length,7-feature standardized,2-feature original scale,430.6589731513006,0.40072705527512986,3,42
sample,45,13.8,4.961,2,Area,Kernel groove length,7-feature standardized,2-feature original scale,430.6589731513006,0.40072705527512986,3,42
sample,46,15.36,5.132,2,Area,Kernel groove length,7-feature standardized,2-feature original scale,430.6589731513006,0.40072705527512986,3,42
sample,47,14.99,5.175,2,Area,Kernel groove length,7-feature standardized,2-feature original scale,430.6589731513006,0.40072705527512986,3,42
sample,48,14.79,5.111,2,Area,Kernel groove length,7-feature standardized,2-feature original scale,430.6589731513006,0.40072705527512986,3,42
sample,49,14.86,5.351,2,Area,Kernel groove length,7-feature standardized,2-feature original scale,430.6589731513006,0.40072705527512986,3,42
sample,50,14.43,5.144,2,Area,Kernel groove length,7-feature standardized,2-feature original scale,430.6589731513006,0.40072705527512986,3,42
sample,51,15.78,5.136,2,Area,Kernel groove length,7-feature standardized,2-feature original scale,430.6589731513006,0.40072705527512986,3,42
sample,52,14.49,5.396,2,Area,Kernel groove length,7-feature standardized,2-feature original scale,430.6589731513006,0.40072705527512986,3,42
sample,53,14.33,5.224,2,Area,Kernel groove length,7-feature standardized,2-feature original scale,430.6589731513006,0.40072705527512986,3,42
sample,54,14.52,5.487,2,Area,Kernel groove length,7-feature standardized,2-feature original scale,430.6589731513006,0.40072705527512986,3,42
sample,55,15.03,5.439,2,Area,Kernel groove length,7-feature standardized,2-feature original scale,430.6589731513006,0.40072705527512986,3,42
sample,56,14.46,5.044,2,Area,Kernel groove length,7-feature standardized,2-feature original scale,430.6589731513006,0.40072705527512986,3,42
sample,57,14.92,5.088,2,Area,Kernel groove length,7-feature standardized,2-feature original scale,430.6589731513006,0.40072705527512986,3,42
sample,58,15.38,5.222,2,Area,Kernel groove length,7-feature standardized,2-feature original scale,430.6589731513006,0.40072705527512986,3,42
sample,59,12.11,4.519,1,Area,Kernel groove length,7-feature standardized,2-feature original scale,430.6589731513006,0.40072705527512986,3,42
sample,60,11.42,4.607,1,Area,Kernel groove length,7-feature standardized,2-feature original scale,430.6589731513006,0.40072705527512986,3,42
sample,61,11.23,4.703,1,Area,Kernel groove length,7-feature standardized,2-feature original scale,430.6589731513006,0.40072705527512986,3,42
sample,62,12.36,4.605,2,Area,Kernel groove length,7-feature standardized,2-feature original scale,430.6589731513006,0.40072705527512986,3,42
sample,63,13.22,5.088,1,Area,Kernel groove length,7-feature standardized,2-feature original scale,430.6589731513006,0.40072705527512986,3,42
sample,64,12.78,4.782,2,Area,Kernel groove length,7-feature standardized,2-feature original scale,430.6589731513006,0.40072705527512986,3,42
sample,65,12.88,4.607,2,Area,Kernel groove length,7-feature standardized,2-feature original scale,430.6589731513006,0.40072705527512986,3,42
sample,66,14.34,5.15,2,Area,Kernel groove length,7-feature standardized,2-feature original scale,430.6589731513006,0.40072705527512986,3,42
sample,67,14.01,5.132,2,Area,Kernel groove length,7-feature standardized,2-feature original scale,430.6589731513006,0.40072705527512986,3,42
sample,68,14.37,5.3,2,Area,Kernel groove length,7-feature standardized,2-feature original scale,430.6589731513006,0.40072705527512986,3,42
sample,69,12.73,5.067,1,Area,Kernel groove length,7-feature standardized,2-feature original scale,430.6589731513006,0.40072705527512986,3,42
sample,70,17.63,6.06,0,Area,Kernel groove length,7-feature standardized,2-feature original scale,430.6589731513006,0.40072705527512986,3,42
sample,71,16.84,5.877,0,Area,Kernel groove length,7-feature standardized,2-feature original scale,430.6589731513006,0.40072705527512986,3,42
sample,72,17.26,5.791,0,Area,Kernel groove length,7-feature standardized,2-feature original scale,430.6589731513006,0.40072705527512986,3,42
sample,73,19.11,6.079,0,Area,Kernel groove length,7-feature standardized,2-feature original scale,430.6589731513006,0.40072705527512986,3,42
sample,74,16.82,5.841,0,Area,Kernel groove length,7-feature standardized,2-feature original scale,430.6589731513006,0.40072705527512986,3,42
sample,75,16.77,5.795,0,Area,Kernel groove length,7-feature standardized,2-feature original scale,430.6589731513006,0.40072705527512986,3,42
sample,76,17.32,5.922,0,Area,Kernel groove length,7-feature standardized,2-feature original scale,430.6589731513006,0.40072705527512986,3,42
sample,77,20.71,6.451,0,Area,Kernel groove length,7-feature standardized,2-feature original scale,430.6589731513006,0.40072705527512986,3,42
sample,78,18.94,6.362,0,Area,Kernel groove length,7-feature standardized,2-feature original scale,430.6589731513006,0.40072705527512986,3,42
sample,79,17.12,5.746,0,Area,Kernel groove length,7-feature standardized,2-feature original scale,430.6589731513006,0.40072705527512986,3,42
sample,80,16.53,5.88,0,Area,Kernel groove length,7-feature standardized,2-feature original scale,430.6589731513006,0.40072705527512986,3,42
sample,81,18.72,5.879,0,Area,Kernel groove length,7-feature standardized,2-feature original scale,430.6589731513006,0.40072705527512986,3,42
sample,82,20.2,6.187,0,Area,Kernel groove length,7-feature standardized,2-feature original scale,430.6589731513006,0.40072705527512986,3,42
sample,83,19.57,6.273,0,Area,Kernel groove length,7-feature standardized,2-feature original scale,430.6589731513006,0.40072705527512986,3,42
sample,84,19.51,6.185,0,Area,Kernel groove length,7-feature standardized,2-feature original scale,430.6589731513006,0.40072705527512986,3,42
sample,85,18.27,6.197,0,Area,Kernel groove length,7-feature standardized,2-feature original scale,430.6589731513006,0.40072705527512986,3,42
sample,86,18.88,6.109,0,Area,Kernel groove length,7-feature standardized,2-feature original scale,430.6589731513006,0.40072705527512986,3,42
sample,87,18.98,6.498,0,Area,Kernel groove length,7-feature standardized,2-feature original scale,430.6589731513006,0.40072705527512986,3,42
sample,88,21.18,6.231,0,Area,Kernel groove length,7-feature standardized,2-feature original scale,430.6589731513006,0.40072705527512986,3,42
sample,89,20.88,6.321,0,Area,Kernel groove length,7-feature standardized,2-feature original scale,430.6589731513006,0.40072705527512986,3,42
sample,90,20.1,6.449,0,Area,Kernel groove length,7-feature standardized,2-feature original scale,430.6589731513006,0.40072705527512986,3,42
sample,91,18.76,6.053,0,Area,Kernel groove length,7-feature standardized,2-feature original scale,430.6589731513006,0.40072705527512986,3,42
sample,92,18.81,6.053,0,Area,Kernel groove length,7-feature standardized,2-feature original scale,430.6589731513006,0.40072705527512986,3,42
sample,93,18.59,5.877,0,Area,Kernel groove length,7-feature standardized,2-feature original scale,430.6589731513006,0.40072705527512986,3,42
sample,94,18.36,6.448,0,Area,Kernel groove length,7-feature standardized,2-feature original scale,430.6589731513006,0.40072705527512986,3,42
sample,95,16.87,5.967,0,Area,Kernel groove length,7-feature standardized,2-feature original scale,430.6589731513006,0.40072705527512986,3,42
sample,96,19.31,6.238,0,Area,Kernel groove length,7-feature standardized,2-feature original scale,430.6589731513006,0.40072705527512986,3,42
sample,97,18.98,6.453,0,Area,Kernel groove length,7-feature standardized,2-feature original scale,430.6589731513006,0.40072705527512986,3,42
sample,98,18.17,6.273,0,Area,Kernel groove length,7-feature standardized,2-feature original scale,430.6589731513006,0.40072705527512986,3,42
sample,99,18.72,6.097,0,Area,Kernel groove length,7-feature standardized,2-feature original scale,430.6589731513006,0.40072705527512986,3,42
sample,100,16.41,5.618,0,Area,Kernel groove length,7-feature standardized,2-feature original scale,430.6589731513006,0.40072705527512986,3,42
sample,101,17.99,5.837,0,Area,Kernel groove length,7-feature standardized,2-feature original scale,430.6589731513006,0.40072705527512986,3,42
sample,102,19.46,6.009,0,Area,Kernel groove length,7-feature standardized,2-feature original scale,430.6589731513006,0.40072705527512986,3,42
sample,103,19.18,6.229,0,Area,Kernel groove length,7-feature standardized,2-feature original scale,430.6589731513006,0.40072705527512986,3,42
sample,104,18.95,6.148,0,Area,Kernel groove length,7-feature standardized,2-feature original scale,430.6589731513006,0.40072705527512986,3,42
sample,105,18.83,5.879,0,Area,Kernel groove length,7-feature standardized,2-feature original scale,430.6589731513006,0.40072705527512986,3,42
sample,106,18.85,6.2,0,Area,Kernel groove length,7-feature standardized,2-feature original scale,430.6589731513006,0.40072705527512986,3,42
sample,107,17.63,5.929,0,Area,Kernel groove length,7-feature standardized,2-feature original scale,430.6589731513006,0.40072705527512986,3,42
sample,108,19.94,6.55,0,Area,Kernel groove length,7-feature standardized,2-feature original scale,430.6589731513006,0.40072705527512986,3,42
sample,109,18.55,5.894,0,Area,Kernel groove length,7-feature standardized,2-feature original scale,430.6589731513006,0.40072705527512986,3,42
sample,110,18.45,5.794,0,Area,Kernel groove length,7-feature standardized,2-feature original scale,430.6589731513006,0.40072705527512986,3,42
sample,111,19.38,5.965,0,Area,Kernel groove length,7-feature standardized,2-feature original scale,430.6589731513006,0.40072705527512986,3,42
sample,112,19.13,5.924,0,Area,Kernel groove length,7-feature standardized,2-feature original scale,430.6589731513006,0.40072705527512986,3,42
sample,113,19.14,6.053,0,Area,Kernel groove length,7-feature standardized,2-feature original scale,430.6589731513006,0.40072705527512986,3,42
sample,114,20.97,6.316,0,Area,Kernel groove length,7-feature standardized,2-feature original scale,430.6589731513006,0.40072705527512986,3,42
sample,115,19.06,6.163,0,Area,Kernel groove length,7-feature standardized,2-feature original scale,430.6589731513006,0.40072705527512986,3,42
sample,116,18.96,5.75,0,Area,Kernel groove length,7-feature standardized,2-feature original scale,430.6589731513006,0.40072705527512986,3,42
sample,117,19.15,6.185,0,Area,Kernel groove length,7-feature standardized,2-feature original scale,430.6589731513006,0.40072705527512986,3,42
sample,118,18.89,5.966,0,Area,Kernel groove length,7-feature standardized,2-feature original scale,430.6589731513006,0.40072705527512986,3,42
sample,119,20.03,6.32,0,Area,Kernel groove length,7-feature standardized,2-feature original scale,430.6589731513006,0.40072705527512986,3,42
sample,120,20.24,6.188,0,Area,Kernel groove length,7-feature standardized,2-feature original scale,430.6589731513006,0.40072705527512986,3,42
sample,121,18.14,6.011,0,Area,Kernel groove length,7-feature standardized,2-feature original scale,430.6589731513006,0.40072705527512986,3,42
sample,122,16.17,5.703,0,Area,Kernel groove length,7-feature standardized,2-feature original scale,430.6589731513006,0.40072705527512986,3,42
sample,123,18.43,5.905,0,Area,Kernel groove length,7-feature standardized,2-feature original scale,430.6589731513006,0.40072705527512986,3,42
sample,124,15.99,5.144,2,Area,Kernel groove length,7-feature standardized,2-feature original scale,430.6589731513006,0.40072705527512986,3,42
sample,125,18.75,5.992,0,Area,Kernel groove length,7-feature standardized,2-feature original scale,430.6589731513006,0.40072705527512986,3,42
sample,126,18.65,6.102,0,Area,Kernel groove length,7-feature standardized,2-feature original scale,430.6589731513006,0.40072705527512986,3,42
sample,127,17.98,5.919,0,Area,Kernel groove length,7-feature standardized,2-feature original scale,430.6589731513006,0.40072705527512986,3,42
sample,128,20.16,6.185,0,Area,Kernel groove length,7-feature standardized,2-feature original scale,430.6589731513006,0.40072705527512986,3,42
sample,129,17.55,5.661,0,Area,Kernel groove length,7-feature standardized,2-feature original scale,430.6589731513006,0.40072705527512986,3,42
sample,130,18.3,5.962,0,Area,Kernel groove length,7-feature standardized,2-feature original scale,430.6589731513006,0.40072705527512986,3,42
sample,131,18.94,5.949,0,Area,Kernel groove length,7-feature standardized,2-feature original scale,430.6589731513006,0.40072705527512986,3,42
sample,132,15.38,5.795,2,Area,Kernel groove length,7-feature standardized,2-feature original scale,430.6589731513006,0.40072705527512986,3,42
sample,133,16.16,5.795,0,Area,Kernel groove length,7-feature standardized,2-feature original scale,430.6589731513006,0.40072705527512986,3,42
sample,134,15.56,5.847,0,Area,Kernel groove length,7-feature standardized,2-feature original scale,430.6589731513006,0.40072705527512986,3,42
sample,135,15.38,5.439,2,Area,Kernel groove length,7-feature standardized,2-feature original scale,430.6589731513006,0.40072705527512986,3,42
sample,136,17.36,5.971,0,Area,Kernel groove length,7-feature standardized,2-feature original scale,430.6589731513006,0.40072705527512986,3,42
sample,137,15.57,5.879,2,Area,Kernel groove length,7-feature standardized,2-feature original scale,430.6589731513006,0.40072705527512986,3,42
sample,138,15.6,5.752,2,Area,Kernel groove length,7-feature standardized,2-feature original scale,430.6589731513006,0.40072705527512986,3,42
sample,139,16.23,5.922,0,Area,Kernel groove length,7-feature standardized,2-feature original scale,430.6589731513006,0.40072705527512986,3,42
sample,140,13.07,5.395,1,Area,Kernel groove length,7-feature standardized,2-feature original scale,430.6589731513006,0.40072705527512986,3,42
sample,141,13.32,5.44,1,Area,Kernel groove length,7-feature standardized,2-feature original scale,430.6589731513006,0.40072705527512986,3,42
sample,142,13.34,5.307,1,Area,Kernel groove length,7-feature standardized,2-feature original scale,430.6589731513006,0.40072705527512986,3,42
sample,143,12.22,5.221,1,Area,Kernel groove length,7-feature standardized,2-feature original scale,430.6589731513006,0.40072705527512986,3,42
sample,144,11.82,5.178,1,Area,Kernel groove length,7-feature standardized,2-feature original scale,430.6589731513006,0.40072705527512986,3,42
sample,145,11.21,5.275,1,Area,Kernel groove length,7-feature standardized,2-feature original scale,430.6589731513006,0.40072705527512986,3,42
sample,146,11.43,5.132,1,Area,Kernel groove length,7-feature standardized,2-feature original scale,430.6589731513006,0.40072705527512986,3,42
sample,147,12.49,5.002,1,Area,Kernel groove length,7-feature standardized,2-feature original scale,430.6589731513006,0.40072705527512986,3,42
sample,148,12.7,5.316,1,Area,Kernel groove length,7-feature standardized,2-feature original scale,430.6589731513006,0.40072705527512986,3,42
sample,149,10.79,5.194,1,Area,Kernel groove length,7-feature standardized,2-feature original scale,430.6589731513006,0.40072705527512986,3,42
sample,150,11.83,5.307,1,Area,Kernel groove length,7-feature standardized,2-feature original scale,430.6589731513006,0.40072705527512986,3,42
sample,151,12.01,5.27,1,Area,Kernel groove length,7-feature standardized,2-feature original scale,430.6589731513006,0.40072705527512986,3,42
sample,152,12.26,5.36,1,Area,Kernel groove length,7-feature standardized,2-feature original scale,430.6589731513006,0.40072705527512986,3,42
sample,153,11.18,5.001,1,Area,Kernel groove length,7-feature standardized,2-feature original scale,430.6589731513006,0.40072705527512986,3,42
sample,154,11.36,5.263,1,Area,Kernel groove length,7-feature standardized,2-feature original scale,430.6589731513006,0.40072705527512986,3,42
sample,155,11.19,5.219,1,Area,Kernel groove length,7-feature standardized,2-feature original scale,430.6589731513006,0.40072705527512986,3,42
sample,156,11.34,5.003,1,Area,Kernel groove length,7-feature standardized,2-feature original scale,430.6589731513006,0.40072705527512986,3,42
sample,157,12.13,5.22,1,Area,Kernel groove length,7-feature standardized,2-feature original scale,430.6589731513006,0.40072705527512986,3,42
sample,158,11.75,5.31,1,Area,Kernel groove length,7-feature standardized,2-feature original scale,430.6589731513006,0.40072705527512986,3,42
sample,159,11.49,5.31,1,Area,Kernel groove length,7-feature standardized,2-feature original scale,430.6589731513006,0.40072705527512986,3,42
sample,160,12.54,5.491,1,Area,Kernel groove length,7-feature standardized,2-feature original scale,430.6589731513006,0.40072705527512986,3,42
sample,161,12.02,5.308,1,Area,Kernel groove length,7-feature standardized,2-feature original scale,430.6589731513006,0.40072705527512986,3,42
sample,162,12.05,5.046,1,Area,Kernel groove length,7-feature standardized,2-feature original scale,430.6589731513006,0.40072705527512986,3,42
sample,163,12.55,5.176,1,Area,Kernel groove length,7-feature standardized,2-feature original scale,430.6589731513006,0.40072705527512986,3,42
sample,164,11.14,5.049,1,Area,Kernel groove length,7-feature standardized,2-feature original scale,430.6589731513006,0.40072705527512986,3,42
sample,165,12.1,5.056,2,Area,Kernel groove length,7-feature standardized,2-feature original scale,430.6589731513006,0.40072705527512986,3,42
sample,166,12.44,5.27,1,Area,Kernel groove length,7-feature standardized,2-feature original scale,430.6589731513006,0.40072705527512986,3,42
sample,167,12.15,5.338,1,Area,Kernel groove length,7-feature standardized,2-feature original scale,430.6589731513006,0.40072705527512986,3,42
sample,168,11.35,5.132,1,Area,Kernel groove length,7-feature standardized,2-feature original scale,430.6589731513006,0.40072705527512986,3,42
sample,169,11.24,5.088,1,Area,Kernel groove length,7-feature standardized,2-feature original scale,430.6589731513006,0.40072705527512986,3,42
sample,170,11.02,5.163,1,Area,Kernel groove length,7-feature standardized,2-feature original scale,430.6589731513006,0.40072705527512986,3,42
sample,171,11.55,4.956,1,Area,Kernel groove length,7-feature standardized,2-feature original scale,430.6589731513006,0.40072705527512986,3,42
sample,172,11.27,5.0,1,Area,Kernel groove length,7-feature standardized,2-feature original scale,430.6589731513006,0.40072705527512986,3,42
sample,173,11.4,5.089,1,Area,Kernel groove length,7-feature standardized,2-feature original scale,430.6589731513006,0.40072705527512986,3,42
sample,174,10.83,5.185,1,Area,Kernel groove length,7-feature standardized,2-feature original scale,430.6589731513006,0.40072705527512986,3,42
sample,175,10.8,5.063,1,Area,Kernel groove length,7-feature standardized,2-feature original scale,430.6589731513006,0.40072705527512986,3,42
sample,176,11.26,5.092,1,Area,Kernel groove length,7-feature standardized,2-feature original scale,430.6589731513006,0.40072705527512986,3,42
sample,177,10.74,4.963,1,Area,Kernel groove length,7-feature standardized,2-feature original scale,430.6589731513006,0.40072705527512986,3,42
sample,178,11.48,5.002,1,Area,Kernel groove length,7-feature standardized,2-feature original scale,430.6589731513006,0.40072705527512986,3,42
sample,179,12.21,5.178,1,Area,Kernel groove length,7-feature standardized,2-feature original scale,430.6589731513006,0.40072705527512986,3,42
sample,180,11.41,4.825,1,Area,Kernel groove length,7-feature standardized,2-feature original scale,430.6589731513006,0.40072705527512986,3,42
sample,181,12.46,5.147,1,Area,Kernel groove length,7-feature standardized,2-feature original scale,430.6589731513006,0.40072705527512986,3,42
sample,182,12.19,5.158,1,Area,Kernel groove length,7-feature standardized,2-feature original scale,430.6589731513006,0.40072705527512986,3,42
sample,183,11.65,5.135,1,Area,Kernel groove length,7-feature standardized,2-feature original scale,430.6589731513006,0.40072705527512986,3,42
sample,184,12.89,5.316,1,Area,Kernel groove length,7-feature standardized,2-feature original scale,430.6589731513006,0.40072705527512986,3,42
sample,185,11.56,5.182,1,Area,Kernel groove length,7-feature standardized,2-feature original scale,430.6589731513006,0.40072705527512986,3,42
sample,186,11.81,5.352,1,Area,Kernel groove length,7-feature standardized,2-feature original scale,430.6589731513006,0.40072705527512986,3,42
sample,187,10.91,4.956,1,Area,Kernel groove length,7-feature standardized,2-feature original scale,430.6589731513006,0.40072705527512986,3,42
sample,188,11.23,4.957,1,Area,Kernel groove length,7-feature standardized,2-feature original scale,430.6589731513006,0.40072705527512986,3,42
sample,189,10.59,4.794,1,Area,Kernel groove length,7-feature standardized,2-feature original scale,430.6589731513006,0.40072705527512986,3,42
sample,190,10.93,5.045,1,Area,Kernel groove length,7-feature standardized,2-feature original scale,430.6589731513006,0.40072705527512986,3,42
sample,191,11.27,5.001,1,Area,Kernel groove length,7-feature standardized,2-feature original scale,430.6589731513006,0.40072705527512986,3,42
sample,192,11.87,5.132,1,Area,Kernel groove length,7-feature standardized,2-feature original scale,430.6589731513006,0.40072705527512986,3,42
sample,193,10.82,5.089,1,Area,Kernel groove length,7-feature standardized,2-feature original scale,430.6589731513006,0.40072705527512986,3,42
sample,194,12.11,5.012,1,Area,Kernel groove length,7-feature standardized,2-feature original scale,430.6589731513006,0.40072705527512986,3,42
sample,195,12.8,4.914,1,Area,Kernel groove length,7-feature standardized,2-feature original scale,430.6589731513006,0.40072705527512986,3,42
sample,196,12.79,4.958,1,Area,Kernel groove length,7-feature standardized,2-feature original scale,430.6589731513006,0.40072705527512986,3,42
sample,197,13.37,5.091,2,Area,Kernel groove length,7-feature standardized,2-feature original scale,430.6589731513006,0.40072705527512986,3,42
sample,198,12.62,5.231,1,Area,Kernel groove length,7-feature standardized,2-feature original scale,430.6589731513006,0.40072705527512986,3,42
sample,199,12.76,4.83,2,Area,Kernel groove length,7-feature standardized,2-feature original scale,430.6589731513006,0.40072705527512986,3,42
sample,200,12.38,5.045,1,Area,Kernel groove length,7-feature standardized,2-feature original scale,430.6589731513006,0.40072705527512986,3,42
sample,201,12.67,4.745,2,Area,Kernel groove length,7-feature standardized,2-feature original scale,430.6589731513006,0.40072705527512986,3,42
sample,202,11.18,4.828,1,Area,Kernel groove length,7-feature standardized,2-feature original scale,430.6589731513006,0.40072705527512986,3,42
sample,203,12.7,5.0,1,Area,Kernel groove length,7-feature standardized,2-feature original scale,430.6589731513006,0.40072705527512986,3,42
sample,204,12.37,5.001,1,Area,Kernel groove length,7-feature standardized,2-feature original scale,430.6589731513006,0.40072705527512986,3,42
sample,205,12.19,4.87,1,Area,Kernel groove length,7-feature standardized,2-feature original scale,430.6589731513006,0.40072705527512986,3,42
sample,206,11.23,5.003,1,Area,Kernel groove length,7-feature standardized,2-feature original scale,430.6589731513006,0.40072705527512986,3,42
sample,207,13.2,5.056,1,Area,Kernel groove length,7-feature standardized,2-feature original scale,430.6589731513006,0.40072705527512986,3,42
sample,208,11.84,5.044,1,Area,Kernel groove length,7-feature standardized,2-feature original scale,430.6589731513006,0.40072705527512986,3,42
sample,209,12.3,5.063,1,Area,Kernel groove length,7-feature standardized,2-feature original scale,430.6589731513006,0.40072705527512986,3,42
centroid,0,18.495373134328357,6.041701492537314,0,Area,Kernel groove length,7-feature standardized,2-feature original scale,430.6589731513006,0.40072705527512986,3,42
centroid,1,11.856944444444444,5.1017222222222225,1,Area,Kernel groove length,7-feature standardized,2-feature original scale,430.6589731513006,0.40072705527512986,3,42
centroid,2,14.437887323943661,5.120802816901408,2,Area,Kernel groove length,7-feature standardized,2-feature original scale,430.6589731513006,0.40072705527512986,3,42
