type,iteration,cluster,x,y,feature_x,feature_y,clustering_space,display_space,n_clusters,seed
sample,,1,15.26,5.22,Area,Kernel groove length,7-feature standardized,2-feature original scale,3,42
sample,,1,14.88,4.956,Area,Kernel groove length,7-feature standardized,2-feature original scale,3,42
sample,,1,14.29,4.825,Area,Kernel groove length,7-feature standardized,2-feature original scale,3,42
sample,,1,13.84,4.805,Area,Kernel groove length,7-feature standardized,2-feature original scale,3,42
sample,,1,16.14,5.175,Area,Kernel groove length,7-feature standardized,2-feature original scale,3,42
sample,,1,14.38,4.956,Area,Kernel groove length,7-feature standardized,2-feature original scale,3,42
sample,,1,14.69,5.219,Area,Kernel groove length,7-feature standardized,2-feature original scale,3,42
sample,,1,14.11,5.0,Area,Kernel groove length,7-feature standardized,2-feature original scale,3,42
sample,,2,16.63,5.877,Area,Kernel groove length,7-feature standardized,2-feature original scale,3,42
sample,,1,16.44,5.533,Area,Kernel groove length,7-feature standardized,2-feature original scale,3,42
sample,,1,15.26,5.314,Area,Kernel groove length,7-feature standardized,2-feature original scale,3,42
sample,,1,14.03,5.001,Area,Kernel groove length,7-feature standardized,2-feature original scale,3,42
sample,,1,13.89,4.738,Area,Kernel groove length,7-feature standardized,2-feature original scale,3,42
sample,,1,13.78,4.872,Area,Kernel groove length,7-feature standardized,2-feature original scale,3,42
sample,,1,13.74,4.825,Area,Kernel groove length,7-feature standardized,2-feature original scale,3,42
sample,,1,14.59,4.781,Area,Kernel groove length,7-feature standardized,2-feature original scale,3,42
sample,,1,13.99,4.781,Area,Kernel groove length,7-feature standardized,2-feature original scale,3,42
sample,,1,15.69,5.046,Area,Kernel groove length,7-feature standardized,2-feature original scale,3,42
sample,,1,14.7,4.649,Area,Kernel groove length,7-feature standardized,2-feature original scale,3,42
sample,,0,12.72,4.914,Area,Kernel groove length,7-feature standardized,2-feature original scale,3,42
sample,,1,14.16,5.176,Area,Kernel groove length,7-feature standardized,2-feature original scale,3,42
sample,,1,14.11,5.219,Area,Kernel groove length,7-feature standardized,2-feature original scale,3,42
sample,,1,15.88,5.091,Area,Kernel groove length,7-feature standardized,2-feature original scale,3,42
sample,,1,12.08,4.961,Area,Kernel groove length,7-feature standardized,2-feature original scale,3,42
sample,,1,15.01,5.001,Area,Kernel groove length,7-feature standardized,2-feature original scale,3,42
sample,,1,16.19,5.307,Area,Kernel groove length,7-feature standardized,2-feature original scale,3,42
sample,,1,13.02,4.825,Area,Kernel groove length,7-feature standardized,2-feature original scale,3,42
sample,,1,12.74,4.869,Area,Kernel groove length,7-feature standardized,2-feature original scale,3,42
sample,,1,14.11,5.038,Area,Kernel groove length,7-feature standardized,2-feature original scale,3,42
sample,,1,13.45,5.097,Area,Kernel groove length,7-feature standardized,2-feature original scale,3,42
sample,,1,13.16,5.056,Area,Kernel groove length,7-feature standardized,2-feature original scale,3,42
sample,,1,15.49,5.228,Area,Kernel groove length,7-feature standardized,2-feature original scale,3,42
sample,,1,14.09,5.299,Area,Kernel groove length,7-feature standardized,2-feature original scale,3,42
sample,,1,13.94,5.012,Area,Kernel groove length,7-feature standardized,2-feature original scale,3,42
sample,,1,15.05,5.36,Area,Kernel groove length,7-feature standardized,2-feature original scale,3,42
sample,,1,16.12,5.443,Area,Kernel groove length,7-feature standardized,2-feature original scale,3,42
sample,,1,16.2,5.527,Area,Kernel groove length,7-feature standardized,2-feature original scale,3,42
sample,,2,17.08,5.484,Area,Kernel groove length,7-feature standardized,2-feature original scale,3,42
sample,,1,14.8,5.309,Area,Kernel groove length,7-feature standardized,2-feature original scale,3,42
sample,,1,14.28,5.001,Area,Kernel groove length,7-feature standardized,2-feature original scale,3,42
sample,,1,13.54,5.178,Area,Kernel groove length,7-feature standardized,2-feature original scale,3,42
sample,,1,13.5,5.176,Area,Kernel groove length,7-feature standardized,2-feature original scale,3,42
sample,,1,13.16,4.783,Area,Kernel groove length,7-feature standardized,2-feature original scale,3,42
sample,,1,15.5,5.528,Area,Kernel groove length,7-feature standardized,2-feature original scale,3,42
sample,,1,15.11,5.18,Area,Kernel groove length,7-feature standardized,2-feature original scale,3,42
sample,,1,13.8,4.961,Area,Kernel groove length,7-feature standardized,2-feature original scale,3,42
sample,,1,15.36,5.132,Area,Kernel groove length,7-feature standardized,2-feature original scale,3,42
sample,,1,14.99,5.175,Area,Kernel groove length,7-feature standardized,2-feature original scale,3,42
sample,,1,14.79,5.111,Area,Kernel groove length,7-feature standardized,2-feature original scale,3,42
sample,,1,14.86,5.351,Area,Kernel groove length,7-feature standardized,2-feature original scale,3,42
sample,,1,14.43,5.144,Area,Kernel groove length,7-feature standardized,2-feature original scale,3,42
sample,,1,15.78,5.136,Area,Kernel groove length,7-feature standardized,2-feature original scale,3,42
sample,,1,14.49,5.396,Area,Kernel groove length,7-feature standardized,2-feature original scale,3,42
sample,,1,14.33,5.224,Area,Kernel groove length,7-feature standardized,2-feature original scale,3,42
sample,,1,14.52,5.487,Area,Kernel groove length,7-feature standardized,2-feature original scale,3,42
sample,,1,15.03,5.439,Area,Kernel groove length,7-feature standardized,2-feature original scale,3,42
sample,,1,14.46,5.044,Area,Kernel groove length,7-feature standardized,2-feature original scale,3,42
sample,,1,14.92,5.088,Area,Kernel groove length,7-feature standardized,2-feature original scale,3,42
sample,,1,15.38,5.222,Area,Kernel groove length,7-feature standardized,2-feature original scale,3,42
sample,,1,12.11,4.519,Area,Kernel groove length,7-feature standardized,2-feature original scale,3,42
sample,,0,11.42,4.607,Area,Kernel groove length,7-feature standardized,2-feature original scale,3,42
sample,,1,11.23,4.703,Area,Kernel groove length,7-feature standardized,2-feature original scale,3,42
sample,,1,12.36,4.605,Area,Kernel groove length,7-feature standardized,2-feature original scale,3,42
sample,,1,13.22,5.088,Area,Kernel groove length,7-feature standardized,2-feature original scale,3,42
sample,,1,12.78,4.782,Area,Kernel groove length,7-feature standardized,2-feature original scale,3,42
sample,,1,12.88,4.607,Area,Kernel groove length,7-feature standardized,2-feature original scale,3,42
sample,,1,14.34,5.15,Area,Kernel groove length,7-feature standardized,2-feature original scale,3,42
sample,,1,14.01,5.132,Area,Kernel groove length,7-feature standardized,2-feature original scale,3,42
sample,,1,14.37,5.3,Area,Kernel groove length,7-feature standardized,2-feature original scale,3,42
sample,,0,12.73,5.067,Area,Kernel groove length,7-feature standardized,2-feature original scale,3,42
sample,,2,17.63,6.06,Area,Kernel groove length,7-feature standardized,2-feature original scale,3,42
sample,,2,16.84,5.877,Area,Kernel groove length,7-feature standardized,2-feature original scale,3,42
sample,,2,17.26,5.791,Area,Kernel groove length,7-feature standardized,2-feature original scale,3,42
sample,,2,19.11,6.079,Area,Kernel groove length,7-feature standardized,2-feature original scale,3,42
sample,,2,16.82,5.841,Area,Kernel groove length,7-feature standardized,2-feature original scale,3,42
sample,,2,16.77,5.795,Area,Kernel groove length,7-feature standardized,2-feature original scale,3,42
sample,,2,17.32,5.922,Area,Kernel groove length,7-feature standardized,2-feature original scale,3,42
sample,,2,20.71,6.451,Area,Kernel groove length,7-feature standardized,2-feature original scale,3,42
sample,,2,18.94,6.362,Area,Kernel groove length,7-feature standardized,2-feature original scale,3,42
sample,,2,17.12,5.746,Area,Kernel groove length,7-feature standardized,2-feature original scale,3,42
sample,,2,16.53,5.88,Area,Kernel groove length,7-feature standardized,2-feature original scale,3,42
sample,,2,18.72,5.879,Area,Kernel groove length,7-feature standardized,2-feature original scale,3,42
sample,,2,20.2,6.187,Area,Kernel groove length,7-feature standardized,2-feature original scale,3,42
sample,,2,19.57,6.273,Area,Kernel groove length,7-feature standardized,2-feature original scale,3,42
sample,,2,19.51,6.185,Area,Kernel groove length,7-feature standardized,2-feature original scale,3,42
sample,,2,18.27,6.197,Area,Kernel groove length,7-feature standardized,2-feature original scale,3,42
sample,,2,18.88,6.109,Area,Kernel groove length,7-feature standardized,2-feature original scale,3,42
sample,,2,18.98,6.498,Area,Kernel groove length,7-feature standardized,2-feature original scale,3,42
sample,,2,21.18,6.231,Area,Kernel groove length,7-feature standardized,2-feature original scale,3,42
sample,,2,20.88,6.321,Area,Kernel groove length,7-feature standardized,2-feature original scale,3,42
sample,,2,20.1,6.449,Area,Kernel groove length,7-feature standardized,2-feature original scale,3,42
sample,,2,18.76,6.053,Area,Kernel groove length,7-feature standardized,2-feature original scale,3,42
sample,,2,18.81,6.053,Area,Kernel groove length,7-feature standardized,2-feature original scale,3,42
sample,,2,18.59,5.877,Area,Kernel groove length,7-feature standardized,2-feature original scale,3,42
sample,,2,18.36,6.448,Area,Kernel groove length,7-feature standardized,2-feature original scale,3,42
sample,,2,16.87,5.967,Area,Kernel groove length,7-feature standardized,2-feature original scale,3,42
sample,,2,19.31,6.238,Area,Kernel groove length,7-feature standardized,2-feature original scale,3,42
sample,,2,18.98,6.453,Area,Kernel groove length,7-feature standardized,2-feature original scale,3,42
sample,,2,18.17,6.273,Area,Kernel groove length,7-feature standardized,2-feature original scale,3,42
sample,,2,18.72,6.097,Area,Kernel groove length,7-feature standardized,2-feature original scale,3,42
sample,,2,16.41,5.618,Area,Kernel groove length,7-feature standardized,2-feature original scale,3,42
sample,,2,17.99,5.837,Area,Kernel groove length,7-feature standardized,2-feature original scale,3,42
sample,,2,19.46,6.009,Area,Kernel groove length,7-feature standardized,2-feature original scale,3,42
sample,,2,19.18,6.229,Area,Kernel groove length,7-feature standardized,2-feature original scale,3,42
sample,,2,18.95,6.148,Area,Kernel groove length,7-feature standardized,2-feature original scale,3,42
sample,,2,18.83,5.879,Area,Kernel groove length,7-feature standardized,2-feature original scale,3,42
sample,,2,18.85,6.2,Area,Kernel groove length,7-feature standardized,2-feature original scale,3,42
sample,,2,17.63,5.929,Area,Kernel groove length,7-feature standardized,2-feature original scale,3,42
sample,,2,19.94,6.55,Area,Kernel groove length,7-feature standardized,2-feature original scale,3,42
sample,,2,18.55,5.894,Area,Kernel groove length,7-feature standardized,2-feature original scale,3,42
sample,,2,18.45,5.794,Area,Kernel groove length,7-feature standardized,2-feature original scale,3,42
sample,,2,19.38,5.965,Area,Kernel groove length,7-feature standardized,2-feature original scale,3,42
sample,,2,19.13,5.924,Area,Kernel groove length,7-feature standardized,2-feature original scale,3,42
sample,,2,19.14,6.053,Area,Kernel groove length,7-feature standardized,2-feature original scale,3,42
sample,,2,20.97,6.316,Area,Kernel groove length,7-feature standardized,2-feature original scale,3,42
sample,,2,19.06,6.163,Area,Kernel groove length,7-feature standardized,2-feature original scale,3,42
sample,,2,18.96,5.75,Area,Kernel groove length,7-feature standardized,2-feature original scale,3,42
sample,,2,19.15,6.185,Area,Kernel groove length,7-feature standardized,2-feature original scale,3,42
sample,,2,18.89,5.966,Area,Kernel groove length,7-feature standardized,2-feature original scale,3,42
sample,,2,20.03,6.32,Area,Kernel groove length,7-feature standardized,2-feature original scale,3,42
sample,,2,20.24,6.188,Area,Kernel groove length,7-feature standardized,2-feature original scale,3,42
sample,,2,18.14,6.011,Area,Kernel groove length,7-feature standardized,2-feature original scale,3,42
sample,,2,16.17,5.703,Area,Kernel groove length,7-feature standardized,2-feature original scale,3,42
sample,,2,18.43,5.905,Area,Kernel groove length,7-feature standardized,2-feature original scale,3,42
sample,,1,15.99,5.144,Area,Kernel groove length,7-feature standardized,2-feature original scale,3,42
sample,,2,18.75,5.992,Area,Kernel groove length,7-feature standardized,2-feature original scale,3,42
sample,,2,18.65,6.102,Area,Kernel groove length,7-feature standardized,2-feature original scale,3,42
sample,,2,17.98,5.919,Area,Kernel groove length,7-feature standardized,2-feature original scale,3,42
sample,,2,20.16,6.185,Area,Kernel groove length,7-feature standardized,2-feature original scale,3,42
sample,,2,17.55,5.661,Area,Kernel groove length,7-feature standardized,2-feature original scale,3,42
sample,,2,18.3,5.962,Area,Kernel groove length,7-feature standardized,2-feature original scale,3,42
sample,,2,18.94,5.949,Area,Kernel groove length,7-feature standardized,2-feature original scale,3,42
sample,,2,15.38,5.795,Area,Kernel groove length,7-feature standardized,2-feature original scale,3,42
sample,,2,16.16,5.795,Area,Kernel groove length,7-feature standardized,2-feature original scale,3,42
sample,,2,15.56,5.847,Area,Kernel groove length,7-feature standardized,2-feature original scale,3,42
sample,,1,15.38,5.439,Area,Kernel groove length,7-feature standardized,2-feature original scale,3,42
sample,,2,17.36,5.971,Area,Kernel groove length,7-feature standardized,2-feature original scale,3,42
sample,,2,15.57,5.879,Area,Kernel groove length,7-feature standardized,2-feature original scale,3,42
sample,,1,15.6,5.752,Area,Kernel groove length,7-feature standardized,2-feature original scale,3,42
sample,,2,16.23,5.922,Area,Kernel groove length,7-feature standardized,2-feature original scale,3,42
sample,,0,13.07,5.395,Area,Kernel groove length,7-feature standardized,2-feature original scale,3,42
sample,,0,13.32,5.44,Area,Kernel groove length,7-feature standardized,2-feature original scale,3,42
sample,,0,13.34,5.307,Area,Kernel groove length,7-feature standardized,2-feature original scale,3,42
sample,,0,12.22,5.221,Area,Kernel groove length,7-feature standardized,2-feature original scale,3,42
sample,,0,11.82,5.178,Area,Kernel groove length,7-feature standardized,2-feature original scale,3,42
sample,,0,11.21,5.275,Area,Kernel groove length,7-feature standardized,2-feature original scale,3,42
sample,,0,11.43,5.132,Area,Kernel groove length,7-feature standardized,2-feature original scale,3,42
sample,,0,12.49,5.002,Area,Kernel groove length,7-feature standardized,2-feature original scale,3,42
sample,,0,12.7,5.316,Area,Kernel groove length,7-feature standardized,2-feature original scale,3,42
sample,,0,10.79,5.194,Area,Kernel groove length,7-feature standardized,2-feature original scale,3,42
sample,,0,11.83,5.307,Area,Kernel groove length,7-feature standardized,2-feature original scale,3,42
sample,,0,12.01,5.27,Area,Kernel groove length,7-feature standardized,2-feature original scale,3,42
sample,,0,12.26,5.36,Area,Kernel groove length,7-feature standardized,2-feature original scale,3,42
sample,,0,11.18,5.001,Area,Kernel groove length,7-feature standardized,2-feature original scale,3,42
sample,,0,11.36,5.263,Area,Kernel groove length,7-feature standardized,2-feature original scale,3,42
sample,,0,11.19,5.219,Area,Kernel groove length,7-feature standardized,2-feature original scale,3,42
sample,,0,11.34,5.003,Area,Kernel groove length,7-feature standardized,2-feature original scale,3,42
sample,,0,12.13,5.22,Area,Kernel groove length,7-feature standardized,2-feature original scale,3,42
sample,,0,11.75,5.31,Area,Kernel groove length,7-feature standardized,2-feature original scale,3,42
sample,,0,11.49,5.31,Area,Kernel groove length,7-feature standardized,2-feature original scale,3,42
sample,,0,12.54,5.491,Area,Kernel groove length,7-feature standardized,2-feature original scale,3,42
sample,,0,12.02,5.308,Area,Kernel groove length,7-feature standardized,2-feature original scale,3,42
sample,,0,12.05,5.046,Area,Kernel groove length,7-feature standardized,2-feature original scale,3,42
sample,,0,12.55,5.176,Area,Kernel groove length,7-feature standardized,2-feature original scale,3,42
sample,,0,11.14,5.049,Area,Kernel groove length,7-feature standardized,2-feature original scale,3,42
sample,,1,12.1,5.056,Area,Kernel groove length,7-feature standardized,2-feature original scale,3,42
sample,,0,12.44,5.27,Area,Kernel groove length,7-feature standardized,2-feature original scale,3,42
sample,,0,12.15,5.338,Area,Kernel groove length,7-feature standardized,2-feature original scale,3,42
sample,,0,11.35,5.132,Area,Kernel groove length,7-feature standardized,2-feature original scale,3,42
sample,,0,11.24,5.088,Area,Kernel groove length,7-feature standardized,2-feature original scale,3,42
sample,,0,11.02,5.163,Area,Kernel groove length,7-feature standardized,2-feature original scale,3,42
sample,,0,11.55,4.956,Area,Kernel groove length,7-feature standardized,2-feature original scale,3,42
sample,,0,11.27,5.0,Area,Kernel groove length,7-feature standardized,2-feature original scale,3,42
sample,,0,11.4,5.089,Area,Kernel groove length,7-feature standardized,2-feature original scale,3,42
sample,,0,10.83,5.185,Area,Kernel groove length,7-feature standardized,2-feature original scale,3,42
sample,,0,10.8,5.063,Area,Kernel groove length,7-feature standardized,2-feature original scale,3,42
sample,,0,11.26,5.092,Area,Kernel groove length,7-feature standardized,2-feature original scale,3,42
sample,,0,10.74,4.963,Area,Kernel groove length,7-feature standardized,2-feature original scale,3,42
sample,,0,11.48,5.002,Area,Kernel groove length,7-feature standardized,2-feature original scale,3,42
sample,,1,12.21,5.178,Area,Kernel groove length,7-feature standardized,2-feature original scale,3,42
sample,,0,11.41,4.825,Area,Kernel groove length,7-feature standardized,2-feature original scale,3,42
sample,,0,12.46,5.147,Area,Kernel groove length,7-feature standardized,2-feature original scale,3,42
sample,,0,12.19,5.158,Area,Kernel groove length,7-feature standardized,2-feature original scale,3,42
sample,,0,11.65,5.135,Area,Kernel groove length,7-feature standardized,2-feature original scale,3,42
sample,,0,12.89,5.316,Area,Kernel groove length,7-feature standardized,2-feature original scale,3,42
sample,,0,11.56,5.182,Area,Kernel groove length,7-feature standardized,2-feature original scale,3,42
sample,,0,11.81,5.352,Area,Kernel groove length,7-feature standardized,2-feature original scale,3,42
sample,,0,10.91,4.956,Area,Kernel groove length,7-feature standardized,2-feature original scale,3,42
sample,,0,11.23,4.957,Area,Kernel groove length,7-feature standardized,2-feature original scale,3,42
sample,,0,10.59,4.794,Area,Kernel groove length,7-feature standardized,2-feature original scale,3,42
sample,,0,10.93,5.045,Area,Kernel groove length,7-feature standardized,2-feature original scale,3,42
sample,,0,11.27,5.001,Area,Kernel groove length,7-feature standardized,2-feature original scale,3,42
sample,,0,11.87,5.132,Area,Kernel groove length,7-feature standardized,2-feature original scale,3,42
sample,,0,10.82,5.089,Area,Kernel groove length,7-feature standardized,2-feature original scale,3,42
sample,,0,12.11,5.012,Area,Kernel groove length,7-feature standardized,2-feature original scale,3,42
sample,,0,12.8,4.914,Area,Kernel groove length,7-feature standardized,2-feature original scale,3,42
sample,,0,12.79,4.958,Area,Kernel groove length,7-feature standardized,2-feature original scale,3,42
sample,,1,13.37,5.091,Area,Kernel groove length,7-feature standardized,2-feature original scale,3,42
sample,,0,12.62,5.231,Area,Kernel groove length,7-feature standardized,2-feature original scale,3,42
sample,,1,12.76,4.83,Area,Kernel groove length,7-feature standardized,2-feature original scale,3,42
sample,,0,12.38,5.045,Area,Kernel groove length,7-feature standardized,2-feature original scale,3,42
sample,,1,12.67,4.745,Area,Kernel groove length,7-feature standardized,2-feature original scale,3,42
sample,,0,11.18,4.828,Area,Kernel groove length,7-feature standardized,2-feature original scale,3,42
sample,,0,12.7,5.0,Area,Kernel groove length,7-feature standardized,2-feature original scale,3,42
sample,,0,12.37,5.001,Area,Kernel groove length,7-feature standardized,2-feature original scale,3,42
sample,,0,12.19,4.87,Area,Kernel groove length,7-feature standardized,2-feature original scale,3,42
sample,,0,11.23,5.003,Area,Kernel groove length,7-feature standardized,2-feature original scale,3,42
sample,,0,13.2,5.056,Area,Kernel groove length,7-feature standardized,2-feature original scale,3,42
sample,,0,11.84,5.044,Area,Kernel groove length,7-feature standardized,2-feature original scale,3,42
sample,,0,12.3,5.063,Area,Kernel groove length,7-feature standardized,2-feature original scale,3,42
centroid,0,0,12.55,5.176,Area,Kernel groove length,7-feature standardized,2-feature original scale,3,42
centroid,1,0,11.914594594594595,5.100162162162162,Area,Kernel groove length,7-feature standardized,2-feature original scale,3,42
centroid,2,0,11.982027027027026,5.120202702702703,Area,Kernel groove length,7-feature standardized,2-feature original scale,3,42
centroid,3,0,11.896338028169014,5.11412676056338,Area,Kernel groove length,7-feature standardized,2-feature original scale,3,42
centroid,4,0,11.857246376811593,5.114840579710145,Area,Kernel groove length,7-feature standardized,2-feature original scale,3,42
centroid,5,0,11.83720588235294,5.115235294117647,Area,Kernel groove length,7-feature standardized,2-feature original scale,3,42
centroid,0,1,14.11,5.038,Area,Kernel groove length,7-feature standardized,2-feature original scale,3,42
centroid,1,1,14.115454545454545,5.022613636363636,Area,Kernel groove length,7-feature standardized,2-feature original scale,3,42
centroid,2,1,14.220161290322581,5.046064516129032,Area,Kernel groove length,7-feature standardized,2-feature original scale,3,42
centroid,3,1,14.254626865671641,5.067701492537314,Area,Kernel groove length,7-feature standardized,2-feature original scale,3,42
centroid,4,1,14.27112676056338,5.081267605633803,Area,Kernel groove length,7-feature standardized,2-feature original scale,3,42
centroid,5,1,14.286438356164384,5.08754794520548,Area,Kernel groove length,7-feature standardized,2-feature original scale,3,42
centroid,0,2,14.69,5.219,Area,Kernel groove length,7-feature standardized,2-feature original scale,3,42
centroid,1,2,17.55673913043478,5.8400869565217395,Area,Kernel groove length,7-feature standardized,2-feature original scale,3,42
centroid,2,2,18.23864864864865,5.999243243243243,Area,Kernel groove length,7-feature standardized,2-feature original scale,3,42
centroid,3,2,18.309444444444445,6.014666666666667,Area,Kernel groove length,7-feature standardized,2-feature original scale,3,42
centroid,4,2,18.379714285714286,6.028585714285715,Area,Kernel groove length,7-feature standardized,2-feature original scale,3,42
centroid,5,2,18.407826086956522,6.0357681159420284,Area,Kernel groove length,7-feature standardized,2-feature original scale,3,42
