method,seed,sse,best_sse,excess_sse
Random,0,430.6589731513006,430.6589731513006,0.0
Random,1,431.1285799433197,430.6589731513006,0.46960679201913536
Random,2,431.168560220022,430.6589731513006,0.5095870687214301
Random,3,431.1285799433197,430.6589731513006,0.46960679201913536
Random,4,431.1285799433197,430.6589731513006,0.46960679201913536
Random,5,431.1285799433197,430.6589731513006,0.46960679201913536
Random,6,431.168560220022,430.6589731513006,0.5095870687214301
Random,7,431.1285799433197,430.6589731513006,0.46960679201913536
Random,8,430.6589731513006,430.6589731513006,0.0
Random,9,430.6602833105202,430.6589731513006,0.0013101592195994272
Random,10,431.1285799433197,430.6589731513006,0.46960679201913536
Random,11,430.6589731513006,430.6589731513006,0.0
Random,12,431.1285799433197,430.6589731513006,0.46960679201913536
Random,13,430.6589731513006,430.6589731513006,0.0
Random,14,430.6589731513006,430.6589731513006,0.0
Random,15,431.1285799433197,430.6589731513006,0.46960679201913536
Random,16,430.6589731513006,430.6589731513006,0.0
Random,17,430.6589731513006,430.6589731513006,0.0
Random,18,430.9053717825587,430.6589731513006,0.2463986312581028
Random,19,431.1285799433197,430.6589731513006,0.46960679201913536
Random,20,431.01263621196784,430.6589731513006,0.35366306066725883
Random,21,430.6589731513006,430.6589731513006,0.0
Random,22,430.6589731513006,430.6589731513006,0.0
Random,23,431.1285799433197,430.6589731513006,0.46960679201913536
Random,24,431.1285799433197,430.6589731513006,0.46960679201913536
Random,25,430.6589731513006,430.6589731513006,0.0
Random,26,430.6589731513006,430.6589731513006,0.0
Random,27,431.01263621196784,430.6589731513006,0.35366306066725883
Random,28,430.6589731513006,430.6589731513006,0.0
Random,29,431.1285799433197,430.6589731513006,0.46960679201913536
K-Means++,0,430.6589731513006,430.6589731513006,0.0
K-Means++,1,431.1285799433197,430.6589731513006,0.46960679201913536
K-Means++,2,431.1285799433197,430.6589731513006,0.46960679201913536
K-Means++,3,430.9053717825587,430.6589731513006,0.2463986312581028
K-Means++,4,430.6589731513006,430.6589731513006,0.0
K-Means++,5,431.1285799433197,430.6589731513006,0.46960679201913536
K-Means++,6,430.6589731513006,430.6589731513006,0.0
K-Means++,7,430.6589731513006,430.6589731513006,0.0
K-Means++,8,430.7230708044151,430.6589731513006,0.06409765311451565
K-Means++,9,430.6589731513006,430.6589731513006,0.0
K-Means++,10,430.9053717825587,430.6589731513006,0.2463986312581028
K-Means++,11,431.08145027244007,430.6589731513006,0.42247712113947955
K-Means++,12,431.1285799433197,430.6589731513006,0.46960679201913536
K-Means++,13,430.6589731513006,430.6589731513006,0.0
K-Means++,14,430.6589731513006,430.6589731513006,0.0
K-Means++,15,430.6589731513006,430.6589731513006,0.0
K-Means++,16,430.6589731513006,430.6589731513006,0.0
K-Means++,17,431.1285799433197,430.6589731513006,0.46960679201913536
K-Means++,18,430.6589731513006,430.6589731513006,0.0
K-Means++,19,431.1285799433197,430.6589731513006,0.46960679201913536
K-Means++,20,430.6589731513006,430.6589731513006,0.0
K-Means++,21,430.6842283346904,430.6589731513006,0.02525518338978827
K-Means++,22,430.6589731513006,430.6589731513006,0.0
K-Means++,23,430.6589731513006,430.6589731513006,0.0
K-Means++,24,430.6589731513006,430.6589731513006,0.0
K-Means++,25,431.1285799433197,430.6589731513006,0.46960679201913536
K-Means++,26,431.1285799433197,430.6589731513006,0.46960679201913536
K-Means++,27,430.6589731513006,430.6589731513006,0.0
K-Means++,28,430.6589731513006,430.6589731513006,0.0
K-Means++,29,431.01263621196784,430.6589731513006,0.35366306066725883
K-Means++ (n_init=10),0,430.6589731513006,430.6589731513006,0.0
K-Means++ (n_init=10),1,430.6589731513006,430.6589731513006,0.0
K-Means++ (n_init=10),2,430.6589731513006,430.6589731513006,0.0
K-Means++ (n_init=10),3,430.6589731513006,430.6589731513006,0.0
K-Means++ (n_init=10),4,430.6589731513006,430.6589731513006,0.0
K-Means++ (n_init=10),5,430.6589731513006,430.6589731513006,0.0
K-Means++ (n_init=10),6,430.6589731513006,430.6589731513006,0.0
K-Means++ (n_init=10),7,430.6589731513006,430.6589731513006,0.0
K-Means++ (n_init=10),8,430.6589731513006,430.6589731513006,0.0
K-Means++ (n_init=10),9,430.6589731513006,430.6589731513006,0.0
K-Means++ (n_init=10),10,430.6589731513006,430.6589731513006,0.0
K-Means++ (n_init=10),11,430.6589731513006,430.6589731513006,0.0
K-Means++ (n_init=10),12,430.6589731513006,430.6589731513006,0.0
K-Means++ (n_init=10),13,430.6589731513006,430.6589731513006,0.0
K-Means++ (n_init=10),14,430.6589731513006,430.6589731513006,0.0
K-Means++ (n_init=10),15,430.6589731513006,430.6589731513006,0.0
K-Means++ (n_init=10),16,430.6589731513006,430.6589731513006,0.0
K-Means++ (n_init=10),17,430.6589731513006,430.6589731513006,0.0
K-Means++ (n_init=10),18,430.6589731513006,430.6589731513006,0.0
K-Means++ (n_init=10),19,430.6589731513006,430.6589731513006,0.0
K-Means++ (n_init=10),20,430.6589731513006,430.6589731513006,0.0
K-Means++ (n_init=10),21,430.6589731513006,430.6589731513006,0.0
K-Means++ (n_init=10),22,430.6589731513006,430.6589731513006,0.0
K-Means++ (n_init=10),23,430.6589731513006,430.6589731513006,0.0
K-Means++ (n_init=10),24,430.6589731513006,430.6589731513006,0.0
K-Means++ (n_init=10),25,430.6589731513006,430.6589731513006,0.0
K-Means++ (n_init=10),26,430.6589731513006,430.6589731513006,0.0
K-Means++ (n_init=10),27,430.6589731513006,430.6589731513006,0.0
K-Means++ (n_init=10),28,430.6589731513006,430.6589731513006,0.0
K-Means++ (n_init=10),29,430.6589731513006,430.6589731513006,0.0
