model,seed,silhouette,purity,ari,nmi,fit_ms
Base K-Means,0,0.40072705527512986,0.919047619047619,0.7732937360806309,0.7278641620178911,33.61190005671233
Base K-Means,1,0.4040633956392215,0.919047619047619,0.7730246875577171,0.7307317284137268,22.37080002669245
Base K-Means,2,0.4040633956392215,0.919047619047619,0.7730246875577171,0.7307317284137268,21.55129995662719
Base K-Means,3,0.4040633956392215,0.919047619047619,0.7730246875577171,0.7307317284137268,17.262599896639585
Base K-Means,4,0.40072705527512986,0.919047619047619,0.7732937360806309,0.7278641620178911,13.350200024433434
Base K-Means,5,0.4040633956392215,0.919047619047619,0.7730246875577171,0.7307317284137268,22.013199981302023
Base K-Means,6,0.4040633956392215,0.919047619047619,0.7730246875577171,0.7307317284137268,51.6359000466764
Base K-Means,7,0.40072705527512986,0.919047619047619,0.7732937360806309,0.7278641620178911,33.98760000709444
Base K-Means,8,0.40072705527512986,0.919047619047619,0.7732937360806309,0.7278641620178911,41.42770008184016
Base K-Means,9,0.40072705527512986,0.919047619047619,0.7732937360806309,0.7278641620178911,25.966300047002733
Optimized K-Means,0,0.40072705527512986,0.919047619047619,0.7732937360806309,0.7278641620178911,234.6461999695748
Optimized K-Means,1,0.40072705527512986,0.919047619047619,0.7732937360806309,0.7278641620178911,223.34679996129125
Optimized K-Means,2,0.40072705527512986,0.919047619047619,0.7732937360806309,0.7278641620178911,208.15289998427033
Optimized K-Means,3,0.40072705527512986,0.919047619047619,0.7732937360806309,0.7278641620178911,296.0734999505803
Optimized K-Means,4,0.40072705527512986,0.919047619047619,0.7732937360806309,0.7278641620178911,218.63750007469207
Optimized K-Means,5,0.40072705527512986,0.919047619047619,0.7732937360806309,0.7278641620178911,231.42600001301616
Optimized K-Means,6,0.40072705527512986,0.919047619047619,0.7732937360806309,0.7278641620178911,215.62530007213354
Optimized K-Means,7,0.40072705527512986,0.919047619047619,0.7732937360806309,0.7278641620178911,235.8839000808075
Optimized K-Means,8,0.40072705527512986,0.919047619047619,0.7732937360806309,0.7278641620178911,199.53199999872595
Optimized K-Means,9,0.40072705527512986,0.919047619047619,0.7732937360806309,0.7278641620178911,225.54410004522651
