series,iteration,loss
Base configuration,1,0.6921653354671329
Base configuration,2,0.691259267188284
Base configuration,3,0.6904226986339019
Base configuration,4,0.6896498609887417
Base configuration,5,0.6889354562457636
Base configuration,6,0.6882746216668039
Base configuration,7,0.6876628962533199
Base configuration,8,0.6870961892606181
Base configuration,9,0.6865707507494906
Base configuration,10,0.6860831441386982
Base configuration,11,0.6856302206988389
Base configuration,12,0.6852090959115438
Base configuration,13,0.6848171276065357
Base configuration,14,0.6844518957818386
Base configuration,15,0.6841111840085228
Base configuration,16,0.6837929623200537
Base configuration,17,0.6834953714870053
Base configuration,18,0.683216708580082
Base configuration,19,0.6829554137276669
Base configuration,20,0.6827100579781633
Base configuration,21,0.6824793321819258
Base configuration,22,0.6822620368124176
Base configuration,23,0.6820570726512072
Base configuration,24,0.6818634322663876
Base configuration,25,0.6816801922189231
Base configuration,26,0.6815065059361768
Base configuration,27,0.6813415971964529
Base configuration,28,0.6811847541727301
Base configuration,29,0.6810353239878715
Base configuration,30,0.6808927077374552
Base configuration,31,0.6807563559399683
Base configuration,32,0.6806257643774628
Base configuration,33,0.6805004702928802
Base configuration,34,0.6803800489131219
Base configuration,35,0.680264110269595
Base configuration,36,0.6801522962904004
Base configuration,37,0.6800442781405688
Base configuration,38,0.6799397537888043
Base configuration,39,0.6798384457810789
Base configuration,40,0.6797400992031358
Base configuration,41,0.6796444798155421
Base configuration,42,0.6795513723463583
Base configuration,43,0.6794605789278135
Base configuration,44,0.6793719176645621
Base configuration,45,0.6792852213221975
Base configuration,46,0.6792003361256886
Base configuration,47,0.6791171206583113
Base configuration,48,0.6790354448524767
Base configuration,49,0.6789551890646064
Base configuration,50,0.6788762432268957
Base configuration,51,0.6787985060694248
Base configuration,52,0.678721884406654
Base configuration,53,0.6786462924828499
Base configuration,54,0.6785716513714702
Base configuration,55,0.6784978884239581
Base configuration,56,0.6784249367637954
Base configuration,57,0.6783527348220175
Base configuration,58,0.6782812259107213
Base configuration,59,0.6782103578313944
Base configuration,60,0.678140082515164
Base configuration,61,0.6780703556923149
Base configuration,62,0.6780011365886451
Base configuration,63,0.6779323876464421
Base configuration,64,0.6778640742680434
Base configuration,65,0.6777961645801213
Base configuration,66,0.6777286292169874
Base configuration,67,0.6776614411213562
Base configuration,68,0.6775945753611339
Base configuration,69,0.6775280089609281
Base configuration,70,0.677461720747071
Base configuration,71,0.6773956912050583
Base configuration,72,0.6773299023483933
Base configuration,73,0.6772643375979116
Base configuration,74,0.6771989816707328
Base configuration,75,0.6771338204780666
Base configuration,76,0.6770688410311515
Base configuration,77,0.6770040313546756
Base configuration,78,0.6769393804070724
Base configuration,79,0.6768748780071426
Base configuration,80,0.6768105147664909
Base configuration,81,0.6767462820273127
Base configuration,82,0.6766821718051036
Base configuration,83,0.6766181767358947
Base configuration,84,0.6765542900276562
Base configuration,85,0.6764905054155326
Base configuration,86,0.6764268171206087
Base configuration,87,0.6763632198119205
Base configuration,88,0.676299708571458
Base configuration,89,0.6762362788619186
Base configuration,90,0.6761729264969938
Base configuration,91,0.6761096476139897
Base configuration,92,0.6760464386485958
Base configuration,93,0.6759832963116318
Base configuration,94,0.6759202175676153
Base configuration,95,0.6758571996150107
Base configuration,96,0.6757942398680199
Base configuration,97,0.6757313359398007
Base configuration,98,0.6756684856269944
Base configuration,99,0.6756056868954636
Base configuration,100,0.675542937867143
Base configuration,101,0.6754802368079168
Base configuration,102,0.6754175821164408
Base configuration,103,0.6753549723138363
Base configuration,104,0.6752924060341885
Base configuration,105,0.6752298820157826
Base configuration,106,0.6751673990930237
Base configuration,107,0.6751049561889854
Base configuration,108,0.6750425523085376
Base configuration,109,0.6749801865320092
Base configuration,110,0.6749178580093431
Base configuration,111,0.6748555659547051
Base configuration,112,0.674793309641512
Base configuration,113,0.6747310883978456
Base configuration,114,0.6746689016022228
Base configuration,115,0.674606748679694
Base configuration,116,0.6745446290982428
Base configuration,117,0.6744825423654675
Base configuration,118,0.6744204880255172
Base configuration,119,0.6743584656562674
Base configuration,120,0.6742964748667132
Base configuration,121,0.6742345152945648
Base configuration,122,0.6741725866040293
Base configuration,123,0.6741106884837641
Base configuration,124,0.674048820644989
Base configuration,125,0.6739869828197442
Base configuration,126,0.6739251747592827
Base configuration,127,0.6738633962325874
Base configuration,128,0.6738016470250038
Base configuration,129,0.6737399269369765
Base configuration,130,0.6736782357828848
Base configuration,131,0.673616573389968
Base configuration,132,0.6735549395973338
Base configuration,133,0.6734933342550428
Base configuration,134,0.6734317572232639
Base configuration,135,0.6733702083714963
Base configuration,136,0.6733086875778492
Base configuration,137,0.6732471947283792
Base configuration,138,0.6731857297164774
Base configuration,139,0.6731242924423047
Base configuration,140,0.6730628828122706
Base configuration,141,0.673001500738552
Base configuration,142,0.6729401461386489
Base configuration,143,0.6728788189349753
Base configuration,144,0.6728175190544798
Base configuration,145,0.6727562464282985
Base configuration,146,0.6726950009914311
Base configuration,147,0.6726337826824453
Base configuration,148,0.6725725914432015
Base configuration,149,0.6725114272185999
Base configuration,150,0.672450289956347
Base configuration,151,0.6723891796067402
Base configuration,152,0.6723280961224685
Base configuration,153,0.6722670394584289
Base configuration,154,0.6722060095715576
Base configuration,155,0.6721450064206725
Base configuration,156,0.6720840299663298
Base configuration,157,0.67202308017069
Base configuration,158,0.6719621569973961
Base configuration,159,0.6719012604114589
Base configuration,160,0.671840390379153
Base configuration,161,0.67177954686792
Base configuration,162,0.671718729846279
Base configuration,163,0.6716579392837451
Base configuration,164,0.6715971751507523
Base configuration,165,0.6715364374185848
Base configuration,166,0.6714757260593108
Base configuration,167,0.6714150410457236
Base configuration,168,0.6713543823512865
Base configuration,169,0.671293749950082
Base configuration,170,0.671233143816764
Base configuration,171,0.6711725639265161
Base configuration,172,0.6711120102550098
Base configuration,173,0.6710514827783689
Base configuration,174,0.670990981473135
Base configuration,175,0.670930506316236
Base configuration,176,0.6708700572849572
Base configuration,177,0.6708096343569149
Base configuration,178,0.6707492375100306
Base configuration,179,0.6706888667225097
Base configuration,180,0.6706285219728196
Base configuration,181,0.6705682032396701
Base configuration,182,0.6705079105019961
Base configuration,183,0.6704476437389408
Base configuration,184,0.6703874029298404
Base configuration,185,0.6703271880542101
Base configuration,186,0.6702669990917312
Base configuration,187,0.6702068360222388
Base configuration,188,0.6701466988257117
Base configuration,189,0.6700865874822601
Base configuration,190,0.6700265019721194
Base configuration,191,0.6699664422756383
Base configuration,192,0.6699064083732729
Base configuration,193,0.6698464002455782
Base configuration,194,0.6697864178732023
Base configuration,195,0.6697264612368788
Base configuration,196,0.6696665303174224
Base configuration,197,0.6696066250957227
Base configuration,198,0.6695467455527392
Base configuration,199,0.6694868916694972
Base configuration,200,0.6694270634270835
Base configuration,201,0.6693672608066422
Base configuration,202,0.6693074837893719
Base configuration,203,0.6692477323565211
Base configuration,204,0.6691880064893866
Base configuration,205,0.6691283061693098
Base configuration,206,0.6690686313776746
Base configuration,207,0.6690089820959043
Base configuration,208,0.6689493583054607
Base configuration,209,0.6688897599878405
Base configuration,210,0.6688301871245749
Base configuration,211,0.6687706396972266
Base configuration,212,0.6687111176873893
Base configuration,213,0.6686516210766859
Base configuration,214,0.6685921498467664
Base configuration,215,0.668532703979308
Base configuration,216,0.6684732834560126
Base configuration,217,0.6684138882586074
Base configuration,218,0.6683545183688417
Base configuration,219,0.6682951737684885
Base configuration,220,0.6682358544393414
Base configuration,221,0.6681765603632156
Base configuration,222,0.6681172915219461
Base configuration,223,0.668058047897388
Base configuration,224,0.6679988294714145
Base configuration,225,0.667939636225918
Base configuration,226,0.6678804681428087
Base configuration,227,0.6678213252040138
Base configuration,228,0.6677622073914784
Base configuration,229,0.6677031146871635
Base configuration,230,0.6676440470730468
Base configuration,231,0.6675850045311218
Base configuration,232,0.6675259870433983
Base configuration,233,0.6674669945919005
Base configuration,234,0.6674080271586685
Base configuration,235,0.6673490847257573
Base configuration,236,0.6672901672752365
Base configuration,237,0.6672312747891903
Base configuration,238,0.6671724072497169
Base configuration,239,0.6671135646389295
Base configuration,240,0.6670547469389543
Base configuration,241,0.6669959541319324
Base configuration,242,0.666937186200018
Base configuration,243,0.6668784431253791
Base configuration,244,0.6668197248901978
Base configuration,245,0.666761031476669
Base configuration,246,0.6667023628670014
Base configuration,247,0.6666437190434166
Base configuration,248,0.6665850999881499
Base configuration,249,0.6665265056834493
Base configuration,250,0.6664679361115767
Base configuration,251,0.666409391254806
Base configuration,252,0.6663508710954249
Base configuration,253,0.6662923756157338
Base configuration,254,0.6662339047980461
Base configuration,255,0.6661754586246877
Base configuration,256,0.666117037077998
Base configuration,257,0.6660586401403289
Base configuration,258,0.6660002677940448
Base configuration,259,0.6659419200215235
Base configuration,260,0.665883596805155
Base configuration,261,0.6658252981273425
Base configuration,262,0.6657670239705015
Base configuration,263,0.6657087743170604
Base configuration,264,0.6656505491494604
Base configuration,265,0.6655923484501552
Base configuration,266,0.6655341722016115
Base configuration,267,0.665476020386308
Base configuration,268,0.6654178929867368
Base configuration,269,0.6653597899854022
Base configuration,270,0.6653017113648214
Base configuration,271,0.665243657107524
Base configuration,272,0.6651856271960522
Base configuration,273,0.6651276216129612
Base configuration,274,0.6650696403408187
Base configuration,275,0.6650116833622048
Base configuration,276,0.6649537506597124
Base configuration,277,0.664895842215947
Base configuration,278,0.664837958013527
Base configuration,279,0.6647800980350829
Base configuration,280,0.6647222622632583
Base configuration,281,0.6646644506807092
Base configuration,282,0.6646066632701044
Base configuration,283,0.6645489000141251
Base configuration,284,0.6644911608954656
Base configuration,285,0.6644334458968321
Base configuration,286,0.664375755000944
Base configuration,287,0.6643180881905336
Base configuration,288,0.6642604454483452
Base configuration,289,0.664202826757136
Base configuration,290,0.664145232099676
Base configuration,291,0.6640876614587478
Base configuration,292,0.6640301148171466
Base configuration,293,0.6639725921576801
Base configuration,294,0.6639150934631692
Base configuration,295,0.6638576187164471
Base configuration,296,0.6638001679003595
Base configuration,297,0.6637427409977652
Base configuration,298,0.6636853379915356
Base configuration,299,0.6636279588645544
Base configuration,300,0.6635706035997184
Base configuration,301,0.663513272179937
Base configuration,302,0.6634559645881324
Base configuration,303,0.6633986808072391
Base configuration,304,0.6633414208202048
Base configuration,305,0.6632841846099895
Base configuration,306,0.6632269721595664
Base configuration,307,0.6631697834519208
Base configuration,308,0.6631126184700511
Base configuration,309,0.6630554771969686
Base configuration,310,0.6629983596156966
Base configuration,311,0.6629412657092718
Base configuration,312,0.6628841954607437
Base configuration,313,0.6628271488531741
Base configuration,314,0.6627701258696375
Base configuration,315,0.6627131264932213
Base configuration,316,0.662656150707026
Base configuration,317,0.6625991984941643
Base configuration,318,0.6625422698377617
Base configuration,319,0.6624853647209568
Base configuration,320,0.6624284831269008
Base configuration,321,0.6623716250387574
Base configuration,322,0.6623147904397032
Base configuration,323,0.6622579793129278
Base configuration,324,0.6622011916416333
Base configuration,325,0.6621444274090345
Base configuration,326,0.662087686598359
Base configuration,327,0.6620309691928475
Base configuration,328,0.661974275175753
Base configuration,329,0.6619176045303415
Base configuration,330,0.6618609572398916
Base configuration,331,0.6618043332876951
Base configuration,332,0.6617477326570559
Base configuration,333,0.6616911553312912
Base configuration,334,0.6616346012937308
Base configuration,335,0.6615780705277171
Base configuration,336,0.6615215630166056
Base configuration,337,0.6614650787437646
Base configuration,338,0.6614086176925745
Base configuration,339,0.6613521798464295
Base configuration,340,0.6612957651887357
Base configuration,341,0.6612393737029123
Base configuration,342,0.6611830053723915
Base configuration,343,0.6611266601806179
Base configuration,344,0.6610703381110494
Base configuration,345,0.661014039147156
Base configuration,346,0.660957763272421
Base configuration,347,0.6609015104703401
Base configuration,348,0.6608452807244222
Base configuration,349,0.6607890740181886
Base configuration,350,0.6607328903351738
Base configuration,351,0.6606767296589247
Base configuration,352,0.660620591973001
Base configuration,353,0.6605644772609754
Base configuration,354,0.6605083855064334
Base configuration,355,0.6604523166929732
Base configuration,356,0.6603962708042055
Base configuration,357,0.6603402478237542
Base configuration,358,0.6602842477352557
Base configuration,359,0.6602282705223597
Base configuration,360,0.6601723161687277
Base configuration,361,0.660116384658035
Base configuration,362,0.6600604759739691
Base configuration,363,0.6600045901002304
Base configuration,364,0.6599487270205323
Base configuration,365,0.6598928867186006
Base configuration,366,0.6598370691781741
Base configuration,367,0.6597812743830044
Base configuration,368,0.6597255023168559
Base configuration,369,0.6596697529635056
Base configuration,370,0.6596140263067435
Base configuration,371,0.6595583223303721
Base configuration,372,0.6595026410182071
Base configuration,373,0.6594469823540765
Base configuration,374,0.6593913463218215
Base configuration,375,0.6593357329052956
Base configuration,376,0.6592801420883654
Base configuration,377,0.6592245738549104
Base configuration,378,0.6591690281888225
Base configuration,379,0.6591135050740067
Base configuration,380,0.6590580044943803
Base configuration,381,0.6590025264338741
Base configuration,382,0.6589470708764309
Base configuration,383,0.6588916378060068
Base configuration,384,0.6588362272065704
Base configuration,385,0.6587808390621032
Base configuration,386,0.6587254733565991
Base configuration,387,0.6586701300740654
Base configuration,388,0.6586148091985217
Base configuration,389,0.6585595107140003
Base configuration,390,0.6585042346045465
Base configuration,391,0.6584489808542184
Base configuration,392,0.6583937494470866
Base configuration,393,0.6583385403672344
Base configuration,394,0.6582833535987581
Base configuration,395,0.6582281891257667
Base configuration,396,0.6581730469323819
Base configuration,397,0.658117927002738
Base configuration,398,0.6580628293209823
Base configuration,399,0.6580077538712744
Base configuration,400,0.6579527006377873
Base configuration,401,0.6578976696047061
Base configuration,402,0.657842660756229
Base configuration,403,0.6577876740765668
Base configuration,404,0.657732709549943
Base configuration,405,0.6576777671605938
Base configuration,406,0.6576228468927682
Base configuration,407,0.657567948730728
Base configuration,408,0.6575130726587475
Base configuration,409,0.6574582186611138
Base configuration,410,0.657403386722127
Base configuration,411,0.6573485768260992
Base configuration,412,0.6572937889573558
Base configuration,413,0.6572390231002347
Base configuration,414,0.6571842792390868
Base configuration,415,0.6571295573582753
Base configuration,416,0.657074857442176
Base configuration,417,0.657020179475178
Base configuration,418,0.6569655234416824
Base configuration,419,0.6569108893261033
Base configuration,420,0.6568562771128676
Base configuration,421,0.6568016867864149
Base configuration,422,0.656747118331197
Base configuration,423,0.656692571731679
Base configuration,424,0.6566380469723382
Base configuration,425,0.6565835440376647
Base configuration,426,0.6565290629121614
Base configuration,427,0.6564746035803437
Base configuration,428,0.6564201660267398
Base configuration,429,0.6563657502358905
Base configuration,430,0.6563113561923493
Base configuration,431,0.656256983880682
Base configuration,432,0.6562026332854674
Base configuration,433,0.656148304391297
Base configuration,434,0.6560939971827748
Base configuration,435,0.6560397116445172
Base configuration,436,0.6559854477611539
Base configuration,437,0.6559312055173263
Base configuration,438,0.6558769848976892
Base configuration,439,0.6558227858869098
Base configuration,440,0.6557686084696676
Base configuration,441,0.6557144526306552
Base configuration,442,0.6556603183545774
Base configuration,443,0.6556062056261518
Base configuration,444,0.6555521144301089
Base configuration,445,0.655498044751191
Base configuration,446,0.6554439965741536
Base configuration,447,0.6553899698837651
Base configuration,448,0.6553359646648055
Base configuration,449,0.6552819809020682
Base configuration,450,0.6552280185803588
Base configuration,451,0.6551740776844958
Base configuration,452,0.6551201581993098
Base configuration,453,0.6550662601096444
Base configuration,454,0.6550123834003555
Base configuration,455,0.6549585280563118
Base configuration,456,0.6549046940623942
Base configuration,457,0.6548508814034963
Base configuration,458,0.6547970900645247
Base configuration,459,0.6547433200303977
Base configuration,460,0.6546895712860468
Base configuration,461,0.6546358438164158
Base configuration,462,0.6545821376064609
Base configuration,463,0.6545284526411511
Base configuration,464,0.6544747889054678
Base configuration,465,0.6544211463844049
Base configuration,466,0.6543675250629688
Base configuration,467,0.6543139249261782
Base configuration,468,0.6542603459590648
Base configuration,469,0.6542067881466724
Base configuration,470,0.6541532514740576
Base configuration,471,0.6540997359262889
Base configuration,472,0.6540462414884481
Base configuration,473,0.6539927681456288
Base configuration,474,0.6539393158829374
Base configuration,475,0.6538858846854928
Base configuration,476,0.6538324745384262
Base configuration,477,0.6537790854268815
Base configuration,478,0.6537257173360146
Base configuration,479,0.6536723702509942
Base configuration,480,0.6536190441570016
Base configuration,481,0.6535657390392302
Base configuration,482,0.653512454882886
Base configuration,483,0.6534591916731873
Base configuration,484,0.6534059493953649
Base configuration,485,0.6533527280346623
Base configuration,486,0.653299527576335
Base configuration,487,0.6532463480056511
Base configuration,488,0.6531931893078909
Base configuration,489,0.6531400514683475
Base configuration,490,0.6530869344723261
Base configuration,491,0.6530338383051445
Base configuration,492,0.6529807629521326
Base configuration,493,0.6529277083986328
Base configuration,494,0.6528746746299999
Base configuration,495,0.6528216616316014
Base configuration,496,0.6527686693888165
Base configuration,497,0.6527156978870372
Base configuration,498,0.6526627471116677
Base configuration,499,0.6526098170481247
Base configuration,500,0.6525569076818373
Base configuration,501,0.6525040189982465
Base configuration,502,0.652451150982806
Base configuration,503,0.652398303620982
Base configuration,504,0.6523454768982524
Base configuration,505,0.6522926708001079
Base configuration,506,0.6522398853120515
Base configuration,507,0.6521871204195984
Base configuration,508,0.652134376108276
Base configuration,509,0.6520816523636241
Base configuration,510,0.652028949171195
Base configuration,511,0.6519762665165527
Base configuration,512,0.6519236043852742
Base configuration,513,0.6518709627629482
Base configuration,514,0.651818341635176
Base configuration,515,0.6517657409875709
Base configuration,516,0.6517131608057587
Base configuration,517,0.6516606010753774
Base configuration,518,0.651608061782077
Base configuration,519,0.6515555429115201
Base configuration,520,0.6515030444493813
Base configuration,521,0.6514505663813474
Base configuration,522,0.6513981086931175
Base configuration,523,0.6513456713704031
Base configuration,524,0.6512932543989275
Base configuration,525,0.6512408577644265
Base configuration,526,0.651188481452648
Base configuration,527,0.6511361254493521
Base configuration,528,0.6510837897403111
Base configuration,529,0.6510314743113095
Base configuration,530,0.6509791791481437
Base configuration,531,0.6509269042366229
Base configuration,532,0.6508746495625676
Base configuration,533,0.6508224151118114
Base configuration,534,0.6507702008701991
Base configuration,535,0.6507180068235883
Base configuration,536,0.6506658329578485
Base configuration,537,0.6506136792588614
Base configuration,538,0.6505615457125207
Base configuration,539,0.6505094323047323
Base configuration,540,0.6504573390214143
Base configuration,541,0.6504052658484967
Base configuration,542,0.6503532127719216
Base configuration,543,0.6503011797776435
Base configuration,544,0.6502491668516287
Base configuration,545,0.6501971739798555
Base configuration,546,0.6501452011483145
Base configuration,547,0.6500932483430085
Base configuration,548,0.6500413155499518
Base configuration,549,0.6499894027551713
Base configuration,550,0.6499375099447056
Base configuration,551,0.6498856371046055
Base configuration,552,0.6498337842209339
Base configuration,553,0.6497819512797655
Base configuration,554,0.6497301382671872
Base configuration,555,0.649678345169298
Base configuration,556,0.6496265719722084
Base configuration,557,0.6495748186620417
Base configuration,558,0.6495230852249323
Base configuration,559,0.6494713716470274
Base configuration,560,0.6494196779144857
Base configuration,561,0.6493680040134779
Base configuration,562,0.6493163499301868
Base configuration,563,0.6492647156508072
Base configuration,564,0.6492131011615456
Base configuration,565,0.6491615064486207
Base configuration,566,0.649109931498263
Base configuration,567,0.649058376296715
Base configuration,568,0.6490068408302311
Base configuration,569,0.6489553250850776
Base configuration,570,0.6489038290475327
Base configuration,571,0.6488523527038866
Base configuration,572,0.6488008960404413
Base configuration,573,0.6487494590435107
Base configuration,574,0.6486980416994205
Base configuration,575,0.6486466439945084
Base configuration,576,0.6485952659151242
Base configuration,577,0.6485439074476288
Base configuration,578,0.648492568578396
Base configuration,579,0.6484412492938105
Base configuration,580,0.6483899495802694
Base configuration,581,0.6483386694241816
Base configuration,582,0.6482874088119674
Base configuration,583,0.6482361677300597
Base configuration,584,0.6481849461649022
Base configuration,585,0.6481337441029512
Base configuration,586,0.6480825615306745
Base configuration,587,0.6480313984345518
Base configuration,588,0.6479802548010744
Base configuration,589,0.6479291306167455
Base configuration,590,0.6478780258680801
Base configuration,591,0.647826940541605
Base configuration,592,0.6477758746238585
Base configuration,593,0.6477248281013909
Base configuration,594,0.6476738009607642
Base configuration,595,0.6476227931885521
Base configuration,596,0.6475718047713399
Base configuration,597,0.6475208356957249
Base configuration,598,0.647469885948316
Base configuration,599,0.6474189555157335
Base configuration,600,0.6473680443846097
Full optimized,1,0.5094580123334477
Full optimized,2,0.4249382289825692
Full optimized,3,0.37509671258719446
Full optimized,4,0.34133186598528614
Full optimized,5,0.3165238189415491
Full optimized,6,0.2972999998385843
Full optimized,7,0.28183192255051753
Full optimized,8,0.26903218454807953
Full optimized,9,0.25820889336954445
Full optimized,10,0.24889842156092964
Full optimized,11,0.24077707105338714
Full optimized,12,0.23361114192675472
Full optimized,13,0.2272271347602968
Full optimized,14,0.22149315877435166
Full optimized,15,0.21630689185448368
Full optimized,16,0.21158753315439055
Full optimized,17,0.20727027597911402
Full optimized,18,0.2033024206971167
Full optimized,19,0.19964058354064185
Full optimized,20,0.19624865495946747
Full optimized,21,0.19309628133981083
Full optimized,22,0.19015771894693254
Full optimized,23,0.18741095701095456
Full optimized,24,0.18483703835173404
Full optimized,25,0.18241952697406108
Full optimized,26,0.18014408638163257
Full optimized,27,0.17799814226572827
Full optimized,28,0.17597061018448398
Full optimized,29,0.17405167380550027
Full optimized,30,0.1722326028591985
Full optimized,31,0.17050560255798378
Full optimized,32,0.1688636881587061
Full optimized,33,0.16730057977714496
Full optimized,34,0.16581061363859814
Full optimized,35,0.1643886667636264
Full optimized,36,0.16303009271072894
Full optimized,37,0.1617306664772982
Full optimized,38,0.16048653703232094
Full optimized,39,0.15929418624514863
Full optimized,40,0.15815039320359953
Full optimized,41,0.1570522030960939
Full optimized,42,0.15599689997726857
Full optimized,43,0.154981982852727
Full optimized,44,0.15400514461246054
Full optimized,45,0.15306425341876154
Full optimized,46,0.15215733621679634
Full optimized,47,0.15128256408723745
Full optimized,48,0.15043823920266908
Full optimized,49,0.14962278318460992
Full optimized,50,0.14883472668728925
Full optimized,51,0.14807270005885992
Full optimized,52,0.14733542495137608
Full optimized,53,0.14662170676830655
Full optimized,54,0.1459304278531423
Full optimized,55,0.14526054133524038
Full optimized,56,0.14461106555979264
Full optimized,57,0.14398107903801075
Full optimized,58,0.14336971586152894
Full optimized,59,0.1427761615318409
Full optimized,60,0.1421996491614763
Full optimized,61,0.14163945600872674
Full optimized,62,0.14109490031216115
Full optimized,63,0.1405653383950309
Full optimized,64,0.1400501620130325
Full optimized,65,0.13954879592184055
Full optimized,66,0.13906069564340592
Full optimized,67,0.1385853454122802
Full optimized,68,0.1381222562852228
Full optimized,69,0.13767096439910614
Full optimized,70,0.13723102936368706
Full optimized,71,0.13680203277718603
Full optimized,72,0.13638357685383581
Full optimized,73,0.13597528315363935
Full optimized,74,0.13557679140554052
Full optimized,75,0.1351877584160651
Full optimized,76,0.13480785705625406
Full optimized,77,0.13443677532039247
Full optimized,78,0.13407421545064657
Full optimized,79,0.13371989312226829
Full optimized,80,0.13337353668451557
Full optimized,81,0.13303488645287767
Full optimized,82,0.13270369404858773
Full optimized,83,0.13237972178176405
Full optimized,84,0.13206274207483906
Full optimized,85,0.13175253692322683
Full optimized,86,0.13144889739044052
Full optimized,87,0.13115162313510792
Full optimized,88,0.13086052196754716
Full optimized,89,0.13057540943375961
Full optimized,90,0.13029610842487246
Full optimized,91,0.13002244881022354
Full optimized,92,0.1297542670924276
Full optimized,93,0.12949140608289364
Full optimized,94,0.12923371459638622
Full optimized,95,0.12898104716333114
Full optimized,96,0.1287332637586683
Full optimized,97,0.12849022954614575
Full optimized,98,0.12825181463703203
Full optimized,99,0.1280178938623022
Full optimized,100,0.12778834655742266
Full optimized,101,0.12756305635892384
Full optimized,102,0.1273419110120101
Full optimized,103,0.12712480218850986
Full optimized,104,0.12691162531451966
Full optimized,105,0.1267022794071404
Full optimized,106,0.1264966669197487
Full optimized,107,0.12629469359528267
Full optimized,108,0.12609626832705922
Full optimized,109,0.1259013030266731
Full optimized,110,0.12570971249855675
Full optimized,111,0.1255214143208106
Full optimized,112,0.12533632873193867
Full optimized,113,0.12515437852314756
Full optimized,114,0.12497548893589128
Full optimized,115,0.1247995875643634
Full optimized,116,0.12462660426265851
Full optimized,117,0.12445647105634186
Full optimized,118,0.12428912205818325
Full optimized,119,0.12412449338782648
Full optimized,120,0.12396252309518001
Full optimized,121,0.12380315108732753
Full optimized,122,0.12364631905877
Full optimized,123,0.12349197042482145
Full optimized,124,0.12334005025799318
Full optimized,125,0.12319050522720869
Full optimized,126,0.1230432835397028
Full optimized,127,0.12289833488546704
Full optimized,128,0.12275561038411027
Full optimized,129,0.12261506253401215
Full optimized,130,0.12247664516365449
Full optimized,131,0.12234031338502069
Full optimized,132,0.1222060235489611
Full optimized,133,0.12207373320242756
Full optimized,134,0.12194340104748515
Full optimized,135,0.1218149869020155
Full optimized,136,0.12168845166202953
Full optimized,137,0.12156375726551315
Full optimized,138,0.12144086665773235
Full optimized,139,0.12131974375792973
Full optimized,140,0.12120035342734642
Full optimized,141,0.12108266143850828
Full optimized,142,0.12096663444571758
Full optimized,143,0.12085223995669529
Full optimized,144,0.12073944630532132
Full optimized,145,0.12062822262542246
Full optimized,146,0.12051853882556214
Full optimized,147,0.12041036556478622
Full optimized,148,0.12030367422928262
Full optimized,149,0.12019843690991522
Full optimized,150,0.12009462638059241
Full optimized,151,0.1199922160774355
Full optimized,152,0.11989118007871147
Full optimized,153,0.11979149308549734
Full optimized,154,0.1196931304030453
Full optimized,155,0.11959606792281872
Full optimized,156,0.11950028210517087
Full optimized,157,0.11940574996263897
Full optimized,158,0.1193124490438291
Full optimized,159,0.1192203574178661
Full optimized,160,0.11912945365938667
Full optimized,161,0.11903971683405244
Full optimized,162,0.11895112648456228
Full optimized,163,0.11886366261714422
Full optimized,164,0.1187773056885067
Full optimized,165,0.11869203659323199
Full optimized,166,0.11860783665159338
Full optimized,167,0.11852468759778001
Full optimized,168,0.11844257156851319
Full optimized,169,0.1183614710920389
Full optimized,170,0.1182813690774821
Full optimized,171,0.11820224880454894
Full optimized,172,0.11812409391356332
Full optimized,173,0.11804688839582538
Full optimized,174,0.11797061658427971
Full optimized,175,0.11789526314448129
Full optimized,176,0.11782081306584884
Full optimized,177,0.1177472516531938
Full optimized,178,0.11767456451851584
Full optimized,179,0.11760273757305433
Full optimized,180,0.11753175701958671
Full optimized,181,0.11746160934496508
Full optimized,182,0.11739228131288162
Full optimized,183,0.11732375995685573
Full optimized,184,0.11725603257343356
Full optimized,185,0.11718908671559393
Full optimized,186,0.11712291018635212
Full optimized,187,0.11705749103255503
Full optimized,188,0.11699281753886123
Full optimized,189,0.11692887822189907
Full optimized,190,0.11686566182459684
Full optimized,191,0.11680315731067928
Full optimized,192,0.11674135385932416
Full optimized,193,0.11668024085997428
Full optimized,194,0.1166198079072987
Full optimized,195,0.11656004479629925
Full optimized,196,0.11650094151755627
Full optimized,197,0.1164424882526097
Full optimized,198,0.11638467536947099
Full optimized,199,0.11632749341826122
Full optimized,200,0.1162709331269713
Full optimized,201,0.1162149853973404
Full optimized,202,0.11615964130084877
Full optimized,203,0.11610489207482139
Full optimized,204,0.11605072911863792
Full optimized,205,0.11599714399004718
Full optimized,206,0.11594412840158151
Full optimized,207,0.11589167421706792
Full optimized,208,0.11583977344823405
Full optimized,209,0.11578841825140457
Full optimized,210,0.11573760092428595
Full optimized,211,0.11568731390283693
Full optimized,212,0.11563754975822155
Full optimized,213,0.1155883011938426
Full optimized,214,0.1155395610424527
Full optimized,215,0.11549132226334102
Full optimized,216,0.11544357793959281
Full optimized,217,0.11539632127542013
Full optimized,218,0.11534954559356114
Full optimized,219,0.11530324433274605
Full optimized,220,0.11525741104522783
Full optimized,221,0.11521203939437578
Full optimized,222,0.11516712315232977
Full optimized,223,0.11512265619771377
Full optimized,224,0.11507863251340644
Full optimized,225,0.11503504618436805
Full optimized,226,0.11499189139552063
Full optimized,227,0.11494916242968112
Full optimized,228,0.11490685366554546
Full optimized,229,0.11486495957572217
Full optimized,230,0.11482347472481358
Full optimized,231,0.11478239376754472
Full optimized,232,0.11474171144693644
Full optimized,233,0.11470142259252364
Full optimized,234,0.11466152211861583
Full optimized,235,0.11462200502259934
Full optimized,236,0.1145828663832803
Full optimized,237,0.11454410135926679
Full optimized,238,0.11450570518738933
Full optimized,239,0.11446767318115852
Full optimized,240,0.11443000072925921
Full optimized,241,0.1143926832940792
Full optimized,242,0.11435571641027291
Full optimized,243,0.11431909568335802
Full optimized,244,0.11428281678834463
Full optimized,245,0.11424687546839576
Full optimized,246,0.1142112675335189
Full optimized,247,0.11417598885928709
Full optimized,248,0.11414103538558946
Full optimized,249,0.11410640311540973
Full optimized,250,0.11407208811363242
Full optimized,251,0.1140380865058762
Full optimized,252,0.11400439447735268
Full optimized,253,0.11397100827175133
Full optimized,254,0.11393792419014906
Full optimized,255,0.11390513858994358
Full optimized,256,0.11387264788381082
Full optimized,257,0.11384044853868472
Full optimized,258,0.11380853707476009
Full optimized,259,0.11377691006451632
Full optimized,260,0.11374556413176336
Full optimized,261,0.11371449595070726
Full optimized,262,0.11368370224503689
Full optimized,263,0.11365317978702977
Full optimized,264,0.11362292539667693
Full optimized,265,0.11359293594082691
Full optimized,266,0.11356320833234781
Full optimized,267,0.11353373952930693
Full optimized,268,0.11350452653416782
Full optimized,269,0.11347556639300452
Full optimized,270,0.11344685619473177
Full optimized,271,0.11341839307035188
Full optimized,272,0.11339017419221693
Full optimized,273,0.11336219677330615
Full optimized,274,0.11333445806651897
Full optimized,275,0.1133069553639816
Full optimized,276,0.11327968599636895
Full optimized,277,0.11325264733223958
Full optimized,278,0.11322583677738461
Full optimized,279,0.11319925177418999
Full optimized,280,0.11317288980101137
Full optimized,281,0.11314674837156186
Full optimized,282,0.11312082503431199
Full optimized,283,0.11309511737190187
Full optimized,284,0.11306962300056483
Full optimized,285,0.11304433956956284
Full optimized,286,0.11301926476063313
Full optimized,287,0.11299439628744543
Full optimized,288,0.11296973189507038
Full optimized,289,0.11294526935945826
Full optimized,290,0.1129210064869277
Full optimized,291,0.1128969411136647
Full optimized,292,0.1128730711052314
Full optimized,293,0.11284939435608404
Full optimized,294,0.11282590878910081
Full optimized,295,0.11280261235511826
Full optimized,296,0.11277950303247716
Full optimized,297,0.11275657882657665
Full optimized,298,0.11273383776943705
Full optimized,299,0.11271127791927121
Full optimized,300,0.11268889736006371
Full optimized,301,0.11266669420115824
Full optimized,302,0.11264466657685249
Full optimized,303,0.11262281264600135
Full optimized,304,0.11260113059162666
Full optimized,305,0.11257961862053475
Full optimized,306,0.11255827496294132
Full optimized,307,0.11253709787210284
Full optimized,308,0.11251608562395503
Full optimized,309,0.11249523651675808
Full optimized,310,0.11247454887074826
Full optimized,311,0.11245402102779595
Full optimized,312,0.11243365135107014
Full optimized,313,0.1124134382247089
Full optimized,314,0.11239338005349557
Full optimized,315,0.11237347526254164
Full optimized,316,0.11235372229697452
Full optimized,317,0.11233411962163128
Full optimized,318,0.11231466572075827
Full optimized,319,0.11229535909771533
Full optimized,320,0.1122761982746862
Full optimized,321,0.11225718179239337
Full optimized,322,0.11223830820981842
Full optimized,323,0.1122195761039271
Full optimized,324,0.11220098406939964
Full optimized,325,0.1121825307183653
Full optimized,326,0.11216421468014193
Full optimized,327,0.11214603460098013
Full optimized,328,0.11212798914381172
Full optimized,329,0.11211007698800268
Full optimized,330,0.11209229682911033
Full optimized,331,0.11207464737864492
Full optimized,332,0.11205712736383514
Full optimized,333,0.11203973552739764
Full optimized,334,0.11202247062731083
Full optimized,335,0.11200533143659219
Full optimized,336,0.1119883167430797
Full optimized,337,0.1119714253492168
Full optimized,338,0.11195465607184107
Full optimized,339,0.1119380077419765
Full optimized,340,0.11192147920462939
Full optimized,341,0.11190506931858754
Full optimized,342,0.11188877695622282
Full optimized,343,0.11187260100329723
Full optimized,344,0.11185654035877207
Full optimized,345,0.11184059393462023
Full optimized,346,0.11182476065564198
Full optimized,347,0.11180903945928322
Full optimized,348,0.11179342929545734
Full optimized,349,0.11177792912636964
Full optimized,350,0.11176253792634483
Full optimized,351,0.11174725468165733
Full optimized,352,0.11173207839036434
Full optimized,353,0.11171700806214152
Full optimized,354,0.11170204271812167
Full optimized,355,0.1116871813907357
Full optimized,356,0.11167242312355649
Full optimized,357,0.11165776697114493
Full optimized,358,0.11164321199889879
Full optimized,359,0.11162875728290374
Full optimized,360,0.11161440190978716
Full optimized,361,0.11160014497657372
Full optimized,362,0.11158598559054377
Full optimized,363,0.11157192286909395
Full optimized,364,0.11155795593959951
Full optimized,365,0.11154408393927948
Full optimized,366,0.11153030601506368
Full optimized,367,0.11151662132346168
Full optimized,368,0.11150302903043423
Full optimized,369,0.11148952831126607
Full optimized,370,0.11147611835044165
Full optimized,371,0.11146279834152183
Full optimized,372,0.11144956748702328
Full optimized,373,0.11143642499829924
Full optimized,374,0.11142337009542232
Full optimized,375,0.11141040200706939
Full optimized,376,0.11139751997040762
Full optimized,377,0.11138472323098284
Full optimized,378,0.11137201104260953
Full optimized,379,0.11135938266726217
Full optimized,380,0.11134683737496856
Full optimized,381,0.11133437444370481
Full optimized,382,0.11132199315929162
Full optimized,383,0.1113096928152925
Full optimized,384,0.1112974727129132
Full optimized,385,0.11128533216090294
Full optimized,386,0.11127327047545708
Full optimized,387,0.11126128698012103
Full optimized,388,0.11124938100569587
Full optimized,389,0.11123755189014517
Full optimized,390,0.1112257989785037
Full optimized,391,0.1112141216227866
Full optimized,392,0.11120251918190072
Full optimized,393,0.11119099102155708
Full optimized,394,0.11117953651418432
Full optimized,395,0.11116815503884378
Full optimized,396,0.11115684598114561
Full optimized,397,0.11114560873316637
Full optimized,398,0.11113444269336746
Full optimized,399,0.1111233472665151
Full optimized,400,0.11111232186360145
Full optimized,401,0.11110136590176659
Full optimized,402,0.11109047880422185
Full optimized,403,0.11107966000017439
Full optimized,404,0.11106890892475255
Full optimized,405,0.11105822501893256
Full optimized,406,0.11104760772946604
Full optimized,407,0.11103705650880899
Full optimized,408,0.11102657081505116
Full optimized,409,0.11101615011184716
Full optimized,410,0.1110057938683478
Full optimized,411,0.11099550155913304
Full optimized,412,0.1109852726641457
Full optimized,413,0.11097510666862583
Full optimized,414,0.11096500306304644
Full optimized,415,0.11095496134304984
Full optimized,416,0.11094498100938502
