false_positive_rate,true_positive_rate,auc
0.0,0.0,0.9973172367538565
0.0,0.023809523809523808,0.9973172367538565
0.0,0.047619047619047616,0.9973172367538565
0.0,0.07142857142857142,0.9973172367538565
0.0,0.09523809523809523,0.9973172367538565
0.0,0.11904761904761904,0.9973172367538565
0.0,0.14285714285714285,0.9973172367538565
0.0,0.16666666666666666,0.9973172367538565
0.0,0.19047619047619047,0.9973172367538565
0.0,0.21428571428571427,0.9973172367538565
0.0,0.23809523809523808,0.9973172367538565
0.0,0.2619047619047619,0.9973172367538565
0.0,0.2857142857142857,0.9973172367538565
0.0,0.30952380952380953,0.9973172367538565
0.0,0.3333333333333333,0.9973172367538565
0.0,0.35714285714285715,0.9973172367538565
0.0,0.38095238095238093,0.9973172367538565
0.0,0.40476190476190477,0.9973172367538565
0.0,0.42857142857142855,0.9973172367538565
0.0,0.4523809523809524,0.9973172367538565
0.0,0.47619047619047616,0.9973172367538565
0.0,0.5,0.9973172367538565
0.0,0.5238095238095238,0.9973172367538565
0.0,0.5476190476190477,0.9973172367538565
0.0,0.5714285714285714,0.9973172367538565
0.0,0.5952380952380952,0.9973172367538565
0.0,0.6190476190476191,0.9973172367538565
0.0,0.6428571428571429,0.9973172367538565
0.0,0.6666666666666666,0.9973172367538565
0.0,0.6904761904761905,0.9973172367538565
0.0,0.7142857142857143,0.9973172367538565
0.0,0.7380952380952381,0.9973172367538565
0.0,0.7619047619047619,0.9973172367538565
0.0,0.7857142857142857,0.9973172367538565
0.0,0.8095238095238095,0.9973172367538565
0.0,0.8333333333333334,0.9973172367538565
0.0,0.8571428571428571,0.9973172367538565
0.0,0.8809523809523809,0.9973172367538565
0.0,0.9047619047619048,0.9973172367538565
0.0,0.9285714285714286,0.9973172367538565
0.0,0.9523809523809523,0.9973172367538565
0.0,0.9761904761904762,0.9973172367538565
0.014084507042253521,0.9761904761904762,0.9973172367538565
0.028169014084507043,0.9761904761904762,0.9973172367538565
0.04225352112676056,0.9761904761904762,0.9973172367538565
0.056338028169014086,0.9761904761904762,0.9973172367538565
0.07042253521126761,0.9761904761904762,0.9973172367538565
0.08450704225352113,0.9761904761904762,0.9973172367538565
0.09859154929577464,0.9761904761904762,0.9973172367538565
0.11267605633802817,0.9761904761904762,0.9973172367538565
0.11267605633802817,1.0,0.9973172367538565
0.1267605633802817,1.0,0.9973172367538565
0.14084507042253522,1.0,0.9973172367538565
0.15492957746478872,1.0,0.9973172367538565
0.16901408450704225,1.0,0.9973172367538565
0.18309859154929578,1.0,0.9973172367538565
0.19718309859154928,1.0,0.9973172367538565
0.2112676056338028,1.0,0.9973172367538565
0.22535211267605634,1.0,0.9973172367538565
0.23943661971830985,1.0,0.9973172367538565
0.2535211267605634,1.0,0.9973172367538565
0.2676056338028169,1.0,0.9973172367538565
0.28169014084507044,1.0,0.9973172367538565
0.29577464788732394,1.0,0.9973172367538565
0.30985915492957744,1.0,0.9973172367538565
0.323943661971831,1.0,0.9973172367538565
0.3380281690140845,1.0,0.9973172367538565
0.352112676056338,1.0,0.9973172367538565
0.36619718309859156,1.0,0.9973172367538565
0.38028169014084506,1.0,0.9973172367538565
0.39436619718309857,1.0,0.9973172367538565
0.4084507042253521,1.0,0.9973172367538565
0.4225352112676056,1.0,0.9973172367538565
0.43661971830985913,1.0,0.9973172367538565
0.4507042253521127,1.0,0.9973172367538565
0.4647887323943662,1.0,0.9973172367538565
0.4788732394366197,1.0,0.9973172367538565
0.49295774647887325,1.0,0.9973172367538565
0.5070422535211268,1.0,0.9973172367538565
0.5211267605633803,1.0,0.9973172367538565
0.5352112676056338,1.0,0.9973172367538565
0.5492957746478874,1.0,0.9973172367538565
0.5633802816901409,1.0,0.9973172367538565
0.5774647887323944,1.0,0.9973172367538565
0.5915492957746479,1.0,0.9973172367538565
0.6056338028169014,1.0,0.9973172367538565
0.6197183098591549,1.0,0.9973172367538565
0.6338028169014085,1.0,0.9973172367538565
0.647887323943662,1.0,0.9973172367538565
0.6619718309859155,1.0,0.9973172367538565
0.676056338028169,1.0,0.9973172367538565
0.6901408450704225,1.0,0.9973172367538565
0.704225352112676,1.0,0.9973172367538565
0.7183098591549296,1.0,0.9973172367538565
0.7323943661971831,1.0,0.9973172367538565
0.7464788732394366,1.0,0.9973172367538565
0.7605633802816901,1.0,0.9973172367538565
0.7746478873239436,1.0,0.9973172367538565
0.7887323943661971,1.0,0.9973172367538565
0.8028169014084507,1.0,0.9973172367538565
0.8169014084507042,1.0,0.9973172367538565
0.8309859154929577,1.0,0.9973172367538565
0.8450704225352113,1.0,0.9973172367538565
0.8591549295774648,1.0,0.9973172367538565
0.8732394366197183,1.0,0.9973172367538565
0.8873239436619719,1.0,0.9973172367538565
0.9014084507042254,1.0,0.9973172367538565
0.9154929577464789,1.0,0.9973172367538565
0.9295774647887324,1.0,0.9973172367538565
0.9436619718309859,1.0,0.9973172367538565
0.9577464788732394,1.0,0.9973172367538565
0.971830985915493,1.0,0.9973172367538565
0.9859154929577465,1.0,0.9973172367538565
1.0,1.0,0.9973172367538565
