series,recall,precision,average_precision
Base configuration,0.0,1.0,0.980189506393966
Base configuration,0.023809523809523808,1.0,0.980189506393966
Base configuration,0.047619047619047616,1.0,0.980189506393966
Base configuration,0.07142857142857142,1.0,0.980189506393966
Base configuration,0.09523809523809523,1.0,0.980189506393966
Base configuration,0.11904761904761904,1.0,0.980189506393966
Base configuration,0.14285714285714285,1.0,0.980189506393966
Base configuration,0.16666666666666666,1.0,0.980189506393966
Base configuration,0.19047619047619047,1.0,0.980189506393966
Base configuration,0.21428571428571427,1.0,0.980189506393966
Base configuration,0.23809523809523808,1.0,0.980189506393966
Base configuration,0.2619047619047619,1.0,0.980189506393966
Base configuration,0.2857142857142857,1.0,0.980189506393966
Base configuration,0.30952380952380953,1.0,0.980189506393966
Base configuration,0.3333333333333333,1.0,0.980189506393966
Base configuration,0.35714285714285715,1.0,0.980189506393966
Base configuration,0.38095238095238093,1.0,0.980189506393966
Base configuration,0.40476190476190477,1.0,0.980189506393966
Base configuration,0.42857142857142855,1.0,0.980189506393966
Base configuration,0.4523809523809524,1.0,0.980189506393966
Base configuration,0.47619047619047616,1.0,0.980189506393966
Base configuration,0.5,1.0,0.980189506393966
Base configuration,0.5238095238095238,1.0,0.980189506393966
Base configuration,0.5476190476190477,1.0,0.980189506393966
Base configuration,0.5714285714285714,1.0,0.980189506393966
Base configuration,0.5952380952380952,1.0,0.980189506393966
Base configuration,0.6190476190476191,1.0,0.980189506393966
Base configuration,0.6428571428571429,1.0,0.980189506393966
Base configuration,0.6666666666666666,1.0,0.980189506393966
Base configuration,0.6904761904761905,1.0,0.980189506393966
Base configuration,0.7142857142857143,1.0,0.980189506393966
Base configuration,0.7380952380952381,1.0,0.980189506393966
Base configuration,0.7619047619047619,1.0,0.980189506393966
Base configuration,0.7857142857142857,1.0,0.980189506393966
Base configuration,0.8095238095238095,1.0,0.980189506393966
Base configuration,0.8095238095238095,0.9714285714285714,0.980189506393966
Base configuration,0.8095238095238095,0.9444444444444444,0.980189506393966
Base configuration,0.8333333333333334,0.9459459459459459,0.980189506393966
Base configuration,0.8333333333333334,0.9210526315789473,0.980189506393966
Base configuration,0.8571428571428571,0.9230769230769231,0.980189506393966
Base configuration,0.8571428571428571,0.9,0.980189506393966
Base configuration,0.8809523809523809,0.9024390243902439,0.980189506393966
Base configuration,0.9047619047619048,0.9047619047619048,0.980189506393966
Base configuration,0.9285714285714286,0.9069767441860465,0.980189506393966
Base configuration,0.9285714285714286,0.8863636363636364,0.980189506393966
Base configuration,0.9523809523809523,0.8888888888888888,0.980189506393966
Base configuration,0.9523809523809523,0.8695652173913043,0.980189506393966
Base configuration,0.9761904761904762,0.8723404255319149,0.980189506393966
Base configuration,0.9761904761904762,0.8541666666666666,0.980189506393966
Base configuration,0.9761904761904762,0.8367346938775511,0.980189506393966
Base configuration,0.9761904761904762,0.82,0.980189506393966
Base configuration,1.0,0.8235294117647058,0.980189506393966
Base configuration,1.0,0.8076923076923077,0.980189506393966
Base configuration,1.0,0.7924528301886793,0.980189506393966
Base configuration,1.0,0.7777777777777778,0.980189506393966
Base configuration,1.0,0.7636363636363637,0.980189506393966
Base configuration,1.0,0.75,0.980189506393966
Base configuration,1.0,0.7368421052631579,0.980189506393966
Base configuration,1.0,0.7241379310344828,0.980189506393966
Base configuration,1.0,0.711864406779661,0.980189506393966
Base configuration,1.0,0.7,0.980189506393966
Base configuration,1.0,0.6885245901639344,0.980189506393966
Base configuration,1.0,0.6774193548387096,0.980189506393966
Base configuration,1.0,0.6666666666666666,0.980189506393966
Base configuration,1.0,0.65625,0.980189506393966
Base configuration,1.0,0.6461538461538462,0.980189506393966
Base configuration,1.0,0.6363636363636364,0.980189506393966
Base configuration,1.0,0.6268656716417911,0.980189506393966
Base configuration,1.0,0.6176470588235294,0.980189506393966
Base configuration,1.0,0.6086956521739131,0.980189506393966
Base configuration,1.0,0.6,0.980189506393966
Base configuration,1.0,0.5915492957746479,0.980189506393966
Base configuration,1.0,0.5833333333333334,0.980189506393966
Base configuration,1.0,0.5753424657534246,0.980189506393966
Base configuration,1.0,0.5675675675675675,0.980189506393966
Base configuration,1.0,0.56,0.980189506393966
Base configuration,1.0,0.5526315789473685,0.980189506393966
Base configuration,1.0,0.5454545454545454,0.980189506393966
Base configuration,1.0,0.5384615384615384,0.980189506393966
Base configuration,1.0,0.5316455696202531,0.980189506393966
Base configuration,1.0,0.525,0.980189506393966
Base configuration,1.0,0.5185185185185185,0.980189506393966
Base configuration,1.0,0.5121951219512195,0.980189506393966
Base configuration,1.0,0.5060240963855421,0.980189506393966
Base configuration,1.0,0.5,0.980189506393966
Base configuration,1.0,0.49411764705882355,0.980189506393966
Base configuration,1.0,0.4883720930232558,0.980189506393966
Base configuration,1.0,0.4827586206896552,0.980189506393966
Base configuration,1.0,0.4772727272727273,0.980189506393966
Base configuration,1.0,0.47191011235955055,0.980189506393966
Base configuration,1.0,0.4666666666666667,0.980189506393966
Base configuration,1.0,0.46153846153846156,0.980189506393966
Base configuration,1.0,0.45652173913043476,0.980189506393966
Base configuration,1.0,0.45161290322580644,0.980189506393966
Base configuration,1.0,0.44680851063829785,0.980189506393966
Base configuration,1.0,0.4421052631578947,0.980189506393966
Base configuration,1.0,0.4375,0.980189506393966
Base configuration,1.0,0.4329896907216495,0.980189506393966
Base configuration,1.0,0.42857142857142855,0.980189506393966
Base configuration,1.0,0.42424242424242425,0.980189506393966
Base configuration,1.0,0.42,0.980189506393966
Base configuration,1.0,0.4158415841584158,0.980189506393966
Base configuration,1.0,0.4117647058823529,0.980189506393966
Base configuration,1.0,0.4077669902912621,0.980189506393966
Base configuration,1.0,0.40384615384615385,0.980189506393966
Base configuration,1.0,0.4,0.980189506393966
Base configuration,1.0,0.39622641509433965,0.980189506393966
Base configuration,1.0,0.3925233644859813,0.980189506393966
Base configuration,1.0,0.3888888888888889,0.980189506393966
Base configuration,1.0,0.3853211009174312,0.980189506393966
Base configuration,1.0,0.38181818181818183,0.980189506393966
Base configuration,1.0,0.3783783783783784,0.980189506393966
Base configuration,1.0,0.375,0.980189506393966
Base configuration,1.0,0.37168141592920356,0.980189506393966
Full optimized,0.0,1.0,0.9961904761904762
Full optimized,0.023809523809523808,1.0,0.9961904761904762
Full optimized,0.047619047619047616,1.0,0.9961904761904762
Full optimized,0.07142857142857142,1.0,0.9961904761904762
Full optimized,0.09523809523809523,1.0,0.9961904761904762
Full optimized,0.11904761904761904,1.0,0.9961904761904762
Full optimized,0.14285714285714285,1.0,0.9961904761904762
Full optimized,0.16666666666666666,1.0,0.9961904761904762
Full optimized,0.19047619047619047,1.0,0.9961904761904762
Full optimized,0.21428571428571427,1.0,0.9961904761904762
Full optimized,0.23809523809523808,1.0,0.9961904761904762
Full optimized,0.2619047619047619,1.0,0.9961904761904762
Full optimized,0.2857142857142857,1.0,0.9961904761904762
Full optimized,0.30952380952380953,1.0,0.9961904761904762
Full optimized,0.3333333333333333,1.0,0.9961904761904762
Full optimized,0.35714285714285715,1.0,0.9961904761904762
Full optimized,0.38095238095238093,1.0,0.9961904761904762
Full optimized,0.40476190476190477,1.0,0.9961904761904762
Full optimized,0.42857142857142855,1.0,0.9961904761904762
Full optimized,0.4523809523809524,1.0,0.9961904761904762
Full optimized,0.47619047619047616,1.0,0.9961904761904762
Full optimized,0.5,1.0,0.9961904761904762
Full optimized,0.5238095238095238,1.0,0.9961904761904762
Full optimized,0.5476190476190477,1.0,0.9961904761904762
Full optimized,0.5714285714285714,1.0,0.9961904761904762
Full optimized,0.5952380952380952,1.0,0.9961904761904762
Full optimized,0.6190476190476191,1.0,0.9961904761904762
Full optimized,0.6428571428571429,1.0,0.9961904761904762
Full optimized,0.6666666666666666,1.0,0.9961904761904762
Full optimized,0.6904761904761905,1.0,0.9961904761904762
Full optimized,0.7142857142857143,1.0,0.9961904761904762
Full optimized,0.7380952380952381,1.0,0.9961904761904762
Full optimized,0.7619047619047619,1.0,0.9961904761904762
Full optimized,0.7857142857142857,1.0,0.9961904761904762
Full optimized,0.8095238095238095,1.0,0.9961904761904762
Full optimized,0.8333333333333334,1.0,0.9961904761904762
Full optimized,0.8571428571428571,1.0,0.9961904761904762
Full optimized,0.8809523809523809,1.0,0.9961904761904762
Full optimized,0.9047619047619048,1.0,0.9961904761904762
Full optimized,0.9285714285714286,1.0,0.9961904761904762
Full optimized,0.9523809523809523,1.0,0.9961904761904762
Full optimized,0.9761904761904762,1.0,0.9961904761904762
Full optimized,0.9761904761904762,0.9761904761904762,0.9961904761904762
Full optimized,0.9761904761904762,0.9534883720930233,0.9961904761904762
Full optimized,0.9761904761904762,0.9318181818181818,0.9961904761904762
Full optimized,0.9761904761904762,0.9111111111111111,0.9961904761904762
Full optimized,0.9761904761904762,0.8913043478260869,0.9961904761904762
Full optimized,0.9761904761904762,0.8723404255319149,0.9961904761904762
Full optimized,0.9761904761904762,0.8541666666666666,0.9961904761904762
Full optimized,0.9761904761904762,0.8367346938775511,0.9961904761904762
Full optimized,1.0,0.84,0.9961904761904762
Full optimized,1.0,0.8235294117647058,0.9961904761904762
Full optimized,1.0,0.8076923076923077,0.9961904761904762
Full optimized,1.0,0.7924528301886793,0.9961904761904762
Full optimized,1.0,0.7777777777777778,0.9961904761904762
Full optimized,1.0,0.7636363636363637,0.9961904761904762
Full optimized,1.0,0.75,0.9961904761904762
Full optimized,1.0,0.7368421052631579,0.9961904761904762
Full optimized,1.0,0.7241379310344828,0.9961904761904762
Full optimized,1.0,0.711864406779661,0.9961904761904762
Full optimized,1.0,0.7,0.9961904761904762
Full optimized,1.0,0.6885245901639344,0.9961904761904762
Full optimized,1.0,0.6774193548387096,0.9961904761904762
Full optimized,1.0,0.6666666666666666,0.9961904761904762
Full optimized,1.0,0.65625,0.9961904761904762
Full optimized,1.0,0.6461538461538462,0.9961904761904762
Full optimized,1.0,0.6363636363636364,0.9961904761904762
Full optimized,1.0,0.6268656716417911,0.9961904761904762
Full optimized,1.0,0.6176470588235294,0.9961904761904762
Full optimized,1.0,0.6086956521739131,0.9961904761904762
Full optimized,1.0,0.6,0.9961904761904762
Full optimized,1.0,0.5915492957746479,0.9961904761904762
Full optimized,1.0,0.5833333333333334,0.9961904761904762
Full optimized,1.0,0.5753424657534246,0.9961904761904762
Full optimized,1.0,0.5675675675675675,0.9961904761904762
Full optimized,1.0,0.56,0.9961904761904762
Full optimized,1.0,0.5526315789473685,0.9961904761904762
Full optimized,1.0,0.5454545454545454,0.9961904761904762
Full optimized,1.0,0.5384615384615384,0.9961904761904762
Full optimized,1.0,0.5316455696202531,0.9961904761904762
Full optimized,1.0,0.525,0.9961904761904762
Full optimized,1.0,0.5185185185185185,0.9961904761904762
Full optimized,1.0,0.5121951219512195,0.9961904761904762
Full optimized,1.0,0.5060240963855421,0.9961904761904762
Full optimized,1.0,0.5,0.9961904761904762
Full optimized,1.0,0.49411764705882355,0.9961904761904762
Full optimized,1.0,0.4883720930232558,0.9961904761904762
Full optimized,1.0,0.4827586206896552,0.9961904761904762
Full optimized,1.0,0.4772727272727273,0.9961904761904762
Full optimized,1.0,0.47191011235955055,0.9961904761904762
Full optimized,1.0,0.4666666666666667,0.9961904761904762
Full optimized,1.0,0.46153846153846156,0.9961904761904762
Full optimized,1.0,0.45652173913043476,0.9961904761904762
Full optimized,1.0,0.45161290322580644,0.9961904761904762
Full optimized,1.0,0.44680851063829785,0.9961904761904762
Full optimized,1.0,0.4421052631578947,0.9961904761904762
Full optimized,1.0,0.4375,0.9961904761904762
Full optimized,1.0,0.4329896907216495,0.9961904761904762
Full optimized,1.0,0.42857142857142855,0.9961904761904762
Full optimized,1.0,0.42424242424242425,0.9961904761904762
Full optimized,1.0,0.42,0.9961904761904762
Full optimized,1.0,0.4158415841584158,0.9961904761904762
Full optimized,1.0,0.4117647058823529,0.9961904761904762
Full optimized,1.0,0.4077669902912621,0.9961904761904762
Full optimized,1.0,0.40384615384615385,0.9961904761904762
Full optimized,1.0,0.4,0.9961904761904762
Full optimized,1.0,0.39622641509433965,0.9961904761904762
Full optimized,1.0,0.3925233644859813,0.9961904761904762
Full optimized,1.0,0.3888888888888889,0.9961904761904762
Full optimized,1.0,0.3853211009174312,0.9961904761904762
Full optimized,1.0,0.38181818181818183,0.9961904761904762
Full optimized,1.0,0.3783783783783784,0.9961904761904762
Full optimized,1.0,0.375,0.9961904761904762
Full optimized,1.0,0.37168141592920356,0.9961904761904762
