point_type,index,x,y,label,distance_to_query,vote_weight
train,0,1.32836460053532,1.6679449847028482,1,,
train,1,0.7219091083743624,0.5669801196810549,1,,
train,2,-0.28138806489863116,-0.6632544975194876,0,,
train,3,-0.6151420941415744,-1.1028914878377138,0,,
train,4,-0.0046164308922882055,-0.48485325204452756,0,,
train,5,-0.6802648315548312,-0.6058844916278757,0,,
train,6,-0.4177387963576384,-0.760918319559516,0,,
train,7,2.9564330358667497,1.0163535339756644,1,,
train,8,-0.3831423421068455,-0.23425267800623373,0,,
train,9,-0.5194930735658527,-0.6243088016139546,0,,
train,10,-0.7942296220280314,-0.44021549289126305,0,,
train,11,-0.8735979582504387,-1.2856366763175218,0,,
train,12,-0.26714246608948106,-0.479161188796796,0,,
train,13,-0.28342315044279537,0.28986651419937925,0,,
train,14,-0.6497385483923672,-1.220926904659098,0,,
train,15,0.7788915036109626,0.49807619615588156,1,,
train,16,-1.1137380524618246,-0.9370726979630031,0,,
train,17,0.7280143650068555,-0.06813430585532639,1,,
train,18,-0.5947912386999312,-0.9589422041253407,0,,
train,19,1.9042938095338129,1.4432582775555434,1,,
train,20,0.732084536095184,-0.46043729653452053,0,,
train,21,-0.6415982062157098,-0.7116370351252072,0,,
train,22,-0.5032123892125384,-0.4647812395393684,0,,
train,23,-0.0921251092913525,-0.18047765942897886,0,,
train,24,1.0353122821756624,0.522042778251594,1,,
train,25,-0.3505809734002169,-1.0814713550896708,0,,
train,26,0.25994468984906927,0.3482850580576783,0,,
train,27,-0.6232824363182313,-0.498334454473366,0,,
train,28,-1.0526854861368957,-0.9108592487958175,0,,
train,29,-0.14707241898378817,-0.9331781283724497,0,,
train,30,-0.6273526074065598,0.11461088262448152,0,,
train,31,0.1663307548175119,1.0268389136425387,1,,
train,32,0.31489199954150493,0.1655398695778706,1,0.1628137341864335,6.14198799012206
train,33,-0.5032123892125384,-0.8776056161380164,0,,
train,34,0.642540772151955,1.657459605035974,1,,
train,35,-1.180895875419246,-0.8728122997188739,0,,
train,36,0.034050194446833514,0.7961605609713059,1,,
train,37,0.21313772233329056,0.1640419581968883,0,0.06105256632492875,16.37932785131235
train,38,-0.7840541943072102,-0.7667601739453459,0,,
train,39,0.1215588728458978,0.6059258155865876,1,,
train,40,0.017769510093518837,-0.5158600176308556,0,,
train,41,-0.23865126847118093,-0.6845248391294325,0,,
train,42,1.6214169188949776,1.513660112461699,1,,
train,43,-0.7860892798513744,-1.2601721828408272,0,,
train,44,0.23552366331909763,0.525038601013558,1,,
train,45,-1.4165587814334704,-1.7098451794116332,0,,
train,46,0.3759445658664337,-0.06364057171238037,1,,
train,47,-0.21830041302953815,0.21047721100733158,0,,
train,48,0.9640842881299128,0.9369642307836168,1,,
train,49,-0.9651768077378315,-0.7008520731821365,0,,
train,50,1.8778376974596773,1.6095264408445489,1,,
train,51,-0.5907210676116027,-0.5251470681929443,0,,
train,52,-0.3505809734002169,-0.6189163206424194,0,,
train,53,-0.6375280351273814,-0.6439314407048193,0,,
train,54,0.12562904393422628,-0.03368234409273971,1,,
train,55,-1.1300187368151389,-0.9809615014257765,0,,
train,56,4.032993288729657,2.2221721956662,1,,
train,57,-0.3037740058844382,-0.6632544975194876,0,,
train,58,-0.2569670383686595,-0.3501910188942429,0,,
train,59,1.6438028598807846,1.5076684669377707,1,,
train,60,1.3548207126094556,1.1841196086456522,1,,
train,61,-1.0771065126668675,-1.2417478728547482,0,,
train,62,1.574609951379199,1.3758522654113519,1,,
train,63,0.05847122097680516,-0.06963221723630846,0,,
train,64,0.017769510093518837,1.2650068232186817,1,,
train,65,-0.35465114448854534,-0.1939588618578171,0,,
train,66,-0.11654613582132378,0.4756075254411511,1,,
train,67,-0.4869317048592241,0.09513803467171496,0,,
train,68,-0.7677735099538959,-0.1280507610946077,0,,
train,69,-0.5866508965232742,-0.48350513180164384,0,,
train,70,-0.4034931975484883,-0.5226006188452749,0,,
train,71,-0.6049666664207528,-0.005222027854081122,0,,
train,72,0.005558996828533375,-0.4508506636962355,0,,
train,73,1.6010660634533345,2.0244478933765713,1,,
train,74,-0.5886859820674385,-0.054653103426488124,0,,
train,75,-0.23051092629452397,1.6005389725586567,1,,
train,76,1.6783993141315772,0.6313903090632823,1,,
train,77,-0.3424406312235599,-0.13104658385657186,0,,
train,78,-0.0860198526588594,-0.10857791314184136,0,,
train,79,-0.6599139761131885,0.24942290691286428,0,,
train,80,-1.3207062523033324,-0.9929447924736328,0,,
train,81,-0.1491075045279524,-0.9453112105584042,0,,
train,82,-0.5052474747567026,-0.1280507610946077,0,,
train,83,-1.4542078640005098,-1.7098451794116332,0,,
train,84,0.3352428549831481,1.0373242933094131,1,,
train,85,-0.000546259803959718,-0.5819179095321632,0,,
train,86,1.8106798745022563,2.383946624812259,1,,
train,87,-1.2979132942086924,-1.3257807013278402,0,,
train,88,1.2551015209454057,1.4387645434125973,1,,
train,89,-0.07584442493803818,-0.40606311340487267,0,,
train,90,0.02387476672601193,0.382737019820265,0,,
train,91,-0.22847584075035973,-0.5248474859167479,0,,
train,92,-0.24679161064783828,-0.7952204901840045,0,,
train,93,1.9348200926962777,1.0163535339756644,1,,
train,94,-0.7860892798513744,-1.0648445387607703,0,,
train,95,-0.12468647799798112,-0.518256675840427,0,,
train,96,1.7964342756931062,1.1976008110744902,1,,
train,97,-0.5052474747567026,1.083759546119856,1,,
train,98,1.5196626416867633,0.7287545488271144,1,,
train,99,-0.5540895278166456,-0.3031566015314073,0,,
train,100,-0.17759870214625254,0.42767436124972597,0,,
train,101,-0.08805493820302401,0.32581638734294777,1,,
train,102,0.8460493265683837,0.5894487903957855,1,,
train,103,-0.7860892798513744,0.6194070180154261,0,,
train,104,1.6417677743366201,2.097845551044691,1,,
train,105,1.6967150840290557,1.2200694817892208,1,,
train,106,-1.0404749728719103,-1.3235338342563672,0,,
train,107,0.603874146812834,-0.21567857688205647,1,,
train,108,-0.14096716235129542,1.6724387188457943,1,,
train,109,-0.6863700881873244,-1.432431991653761,0,,
train,110,-0.6761946604665028,-1.2856366763175218,0,,
train,111,-1.075071427122703,-1.3770092705574257,0,,
train,112,-0.7270717990706099,-0.27065192456409715,0,,
train,113,-0.49303696149171683,-0.6798813138483881,0,,
train,114,0.5265408961345907,1.3264211898389449,1,,
train,115,-0.7779489376747171,-0.5967472322038854,0,,
train,116,-0.5968263242440958,-0.44530839158660207,0,,
train,117,-0.5947912386999312,-0.6743390417387547,0,,
train,118,0.021839681181847325,0.6343861318252464,1,,
train,119,0.17650618253833347,0.8605707503535333,1,,
train,120,3.4407833953778506,2.4183985865748463,1,,
train,121,-0.06770408276138085,0.4576325888693666,1,,
train,122,-0.35261605894438114,-0.3121440698172993,1,,
train,123,-1.4511552356842632,-0.5296408023358904,0,,
train,124,0.11138344512507622,-0.08161550828416464,0,,
train,125,-0.8756330437946029,-0.09959044485594912,0,,
train,126,-0.8410365895438101,-0.6981558326963689,0,,
train,127,-0.6619490616573527,-0.7296119716969917,0,,
train,128,-0.5622298699933026,-0.567687751412834,0,,
train,129,-0.4401247373434454,-0.1325444952375537,0,,
train,130,0.8358738988475621,1.0478096729762874,1,,
train,131,-1.0587907427693888,0.6433736001111384,0,,
train,132,-0.9875627487236389,-1.231412284325972,0,,
train,133,-0.11247596473299529,1.4177937840788493,1,,
train,134,-0.5927561531557669,-0.46807664457752884,0,,
train,135,-0.43198439516678844,-0.28203605105956053,0,,
train,136,0.38815507913141917,-0.34330062654172555,0,,
train,137,-0.41163353972514566,0.05769025014716414,0,,
train,138,1.4443644765526844,1.1346885330732452,1,,
train,139,3.310537920551336,0.7751898016375572,1,,
train,140,2.128153219391885,2.638591559579205,1,,
train,141,-0.25493195282449527,-0.1894651277148709,0,,
train,142,-1.273492267678721,-1.3257807013278402,0,,
train,143,0.4288567900147048,1.0433159388333408,1,,
train,144,0.8480844121125484,0.5789634107289111,1,,
train,145,-1.3770781218766834,-1.7098451794116332,0,,
train,146,-0.7046858580848029,-0.5886585107465824,0,,
train,147,-0.5113527313891953,-0.8707152237854989,0,,
train,148,0.9701895447624052,1.0268389136425387,1,,
train,149,-0.6192122652299028,-0.9918962545069453,0,,
train,150,-0.5540895278166456,-1.5784483930718893,0,,
train,151,0.3433831971598051,-0.4264347081862283,1,,
train,152,-1.0933871970201818,0.4845949937270431,0,,
train,153,0.38204982249892677,0.5819592334908753,1,,
train,154,1.5400134971284056,1.6634512505599024,1,,
train,155,-0.5032123892125384,-0.9948920772689093,0,,
train,156,-0.2895284070752881,0.05918816152814621,0,,
train,157,0.4736286719863196,0.8845373324492456,1,,
train,158,-0.252896867280331,-0.2129823363962888,0,,
train,159,-0.58461581097911,-0.4935411380542235,0,,
train,160,0.9885053146598837,1.2470318866468972,1,,
train,161,-1.2032818164050532,0.9114997373069221,0,,
train,162,-1.373618476451604,-0.4348230119197278,0,,
train,163,-0.2895284070752881,-0.7827878257218537,0,,
train,164,-0.5052474747567026,-0.4671778977489396,0,,
train,165,-0.1491075045279524,1.3758522654113519,1,,
train,166,-0.5235632446541812,-0.47796285969201036,0,,
train,167,1.843241243208885,2.04541865271032,1,,
train,168,-0.18777412986707376,-0.1400340521424639,0,,
train,169,-1.1401941645359603,-1.7098451794116332,0,,
train,170,-0.2895284070752881,0.46662005715525906,0,,
train,171,-0.74131739787976,0.11461088262448152,0,,
train,172,-0.8756330437946029,-1.7098451794116332,0,,
train,173,-0.5317035868308385,-0.10708000176085929,0,,
train,174,-0.8512120172646317,-0.4707728850632965,0,,
train,175,-1.2541589550091603,0.005263351812793192,0,,
train,176,0.40850593457306233,1.4582373913653637,1,,
train,177,-0.5805456398907815,-0.3220302849317808,0,,
train,178,1.454539904273506,2.046916564091303,1,,
train,179,-0.9916329198119674,-1.0648445387607703,0,,
train,180,1.104505190677248,0.6328882204442645,1,,
train,181,1.5257678983192557,1.0942449257867302,1,,
train,182,2.964573378043407,1.6814261871316865,1,,
train,183,-0.6884051737314886,0.42318062710677995,1,,
train,184,0.22127806450994755,0.7077837894933657,1,,
train,185,-1.0140188607977745,-0.7320086299065628,0,,
train,186,-0.4197738819018026,-0.7667601739453459,0,,
train,187,0.3759445658664337,1.874656755278369,1,,
train,188,0.10934835958091234,-0.18497139357192488,0,,
train,189,-0.75556299668891,-0.7290128071445988,0,,
train,190,-0.5988614097882601,-1.0714353488370911,0,,
train,191,1.3711013969627701,0.6194070180154261,1,,
train,192,-0.4157037108134741,-0.24129286149684925,0,,
train,193,3.0093452600150217,2.174239031474775,1,,
train,194,-0.0432830562314092,-0.18646930495290695,0,,
train,195,-0.7921945364838672,-0.6671490671100408,0,,
train,196,-0.1796337876904168,-0.5031277708925083,0,,
train,197,1.8615570131063635,1.4537436572224176,1,,
train,198,-0.88377338597126,-0.5226006188452749,0,,
train,199,-1.3856254811621733,-1.1337484622859435,0,,
train,200,-0.029037457422259855,0.8770477755443354,1,,
train,201,-0.15114259007211664,-0.054653103426488124,0,,
train,202,-0.5540895278166456,-0.7597199904547304,0,,
train,203,0.015734424549354954,-0.27274900049747197,0,,
train,204,-0.6538087194806957,-0.4698741382347072,0,,
train,205,-0.12061630690965226,-0.8275753760132164,0,,
train,206,-1.0974573681085102,-0.4616356256393061,0,,
train,207,-0.1531776756162809,0.898018534878084,1,,
train,208,1.0800841641472771,0.5205448668706121,1,,
train,209,-1.0506504005927315,-0.7320086299065628,0,,
train,210,-0.8084752208371815,-0.7907267560410585,0,,
train,211,-0.9855276631794743,-0.7068437187060647,0,,
train,212,0.23755874886326223,0.9489475218314729,1,,
train,213,1.3161540872703346,1.2350485955990411,1,,
train,214,-1.1503695922567816,-0.6220619345424817,0,,
train,215,1.4280837921993699,1.1661446720738677,1,,
train,216,0.9355930905116127,1.0238430908805747,1,,
train,217,0.7524353915368271,0.11161505986251737,1,,
train,218,0.5224707250462621,1.0268389136425387,1,,
train,219,-0.26714246608948106,2.147276626617099,1,,
train,220,0.738189792727677,1.9780126405661287,1,,
train,221,-0.09619528037968099,0.7677002447326471,1,,
train,222,-0.48896679040338836,-1.1687995886009233,0,,
train,223,-0.8878435570595888,-0.3146905191649688,0,,
train,224,0.6608565420494336,0.25541455243679256,1,,
train,225,1.8635920986505274,2.2656116257146794,1,,
train,226,0.04626070771181897,0.29585815972330715,0,,
train,227,1.62752217552747,0.45463676610740245,1,,
train,228,-0.22644075520619547,0.21347303376929533,0,,
train,229,1.32836460053532,0.7811814471614855,1,,
train,230,0.6181197456219841,0.5579926513951629,1,,
train,231,1.2266103233271057,2.109828842092548,1,,
train,232,-0.9570364655611745,-1.041177538941254,0,,
train,233,-0.7291068846147741,-0.054653103426488124,0,,
train,234,-0.7616682533214028,-0.2639113233496779,0,,
train,235,0.3189621706298334,1.338404480886801,1,,
train,236,-0.607001751964917,0.02024246562261352,0,,
train,237,-0.41366862526930986,-0.44995191686764624,0,,
train,238,0.6018390612686695,-0.401120005847632,1,,
train,239,-1.3666991856014454,-1.0479181401556734,0,,
train,240,-0.5296685012866743,-0.906065932376675,0,,
train,241,-0.5825807254349458,0.4111973360589238,0,,
train,242,2.419170452207378,0.6793234732547074,1,,
train,243,-1.0771065126668675,-1.1337484622859435,0,,
train,244,-0.6354929495832171,-0.7667601739453459,0,,
train,245,2.3988195967657355,1.8042549203722131,1,,
train,246,1.5542590959375557,1.4552415686033995,1,,
train,247,1.0800841641472771,1.2410402411229693,1,,
train,248,2.1383286471127065,1.6559616936549921,1,,
train,249,0.027944937814340418,-0.2104358870486195,0,,
train,250,0.07068173424179063,0.3617662604865167,1,,
train,251,-0.022932200789766762,-0.669395934181514,0,,
train,252,-1.1340889079034673,-1.3755113591764438,0,,
train,253,-0.5276334157425097,-1.1121785383998024,0,,
train,254,0.9559439459532558,-0.008217850616045063,1,,
train,255,2.2583986942183993,1.8671671983734586,1,,
train,256,-1.095422282564346,-0.34270146198933277,0,,
train,257,-0.22644075520619547,0.2194646792932236,0,,
train,258,1.4097680223018911,1.0582950526431611,1,,
train,259,-0.3994230264601598,-0.36502034156596513,0,,
train,260,0.35762879596895514,0.027732022527523686,1,,
train,261,-0.8349313329113174,-1.1223643357904804,0,,
train,262,-0.7779489376747171,-0.3698136579851076,0,,
train,263,-0.23865126847118093,-0.06813430585532639,0,,
train,264,0.7707511614343057,0.4711137912982051,1,,
train,265,-0.9407557812078602,-1.020356570745604,0,,
train,266,1.0129263411898555,1.4672248596512563,1,,
train,267,-0.3831423421068455,-0.8229318507321722,0,,
train,268,-0.5398439290074956,-0.44995191686764624,0,,
train,269,-0.8430716750879743,-1.3978302387530759,0,,
train,270,1.1818384413554917,1.5451162514623216,1,,
train,271,0.4064708490288977,-0.44620713841519116,0,,
train,272,0.025909852270176534,1.9974854885188953,1,,
train,273,-1.1829309609634102,-0.733656332425643,0,,
train,274,-0.9224400113103817,-0.421641391767086,0,,
train,275,-0.8634225305296171,-1.4069674981770663,0,,
train,276,-0.7352121412472673,-0.8498942555898487,0,,
train,277,-1.2195625007583675,-0.777095762474122,0,,
train,278,-0.6985806014523102,-0.3991727210523555,0,,
train,279,2.9401523515134356,1.419291695459831,1,,
train,280,-0.41163353972514566,-0.8689177301283205,0,,
train,281,-0.6904402592756528,-0.8287737051180021,0,,
train,282,-1.4796464333025634,-1.7098451794116332,0,,
train,283,-0.36075640112103846,-0.7535785537927042,0,,
train,284,1.3039435740053484,0.8845373324492456,1,,
train,285,-0.5825807254349458,-0.6373406306284984,1,,
train,286,-0.6334578640390529,-0.7920748762839424,0,,
train,287,0.16022549818501952,0.4651221457742768,0,,
train,288,-0.18166887323458103,-0.5170583467356412,0,,
train,289,2.6348895198887927,1.2994587849812684,1,,
train,290,-0.7026507725406387,-0.4683762268537254,0,,
train,291,0.22331315005411215,0.3228205645809836,0,,
train,292,-0.47268610605007405,-0.8440524012040188,0,,
train,293,1.9368551782404415,2.259619980190751,1,,
train,294,-0.049388312863902294,-0.847946970794572,0,,
train,295,1.2408559221362556,0.11461088262448152,1,,
train,296,-0.8695277871621102,-1.1986080250824656,0,,
train,297,-0.6415982062157098,-1.291029157289057,0,,
train,298,-0.7006156869964744,-0.7508823133069366,0,,
train,299,2.327591602719985,1.9330752991366675,1,,
train,300,0.2111026367891267,-0.7249684464159473,1,,
train,301,0.8236633855825767,1.3219274556959988,1,,
train,302,-0.5642649555374671,-1.7098451794116332,0,,
train,303,1.4260487066552059,0.706285878112384,1,,
train,304,-0.7860892798513744,-0.7806907497884789,0,,
train,305,-0.8613874449854529,-0.8850951730429265,0,,
train,306,-0.36889674329769545,-1.335367334166125,0,,
train,307,-1.4772043306495661,-1.3257807013278402,0,,
train,308,-0.5886859820674385,-0.6661005291433534,0,,
train,309,-0.22033549857370238,0.3977161336300853,0,,
train,310,1.62752217552747,0.6463694228731026,1,,
train,311,-0.7046858580848029,-1.4601433522019283,0,,
train,312,-0.8186506485580031,-1.5434272249845296,0,,
train,313,0.2843657163790409,2.3360134606208347,1,,
train,314,-1.0933871970201818,-1.1451325887814072,0,,
train,315,0.8541896687450414,1.001374420165844,1,,
train,316,-0.7860892798513744,-1.117720810509436,0,,
train,317,1.4525048187293415,0.848587459305677,1,,
train,318,0.6791723119469122,0.5055657530607918,1,,
train,319,3.4387483098336853,2.316540612668068,1,,
train,320,-0.315984519149424,-0.8407569961658583,0,,
train,321,-0.4340194807109527,-0.24443847539691155,0,,
train,322,-0.6599139761131885,0.09064430052876894,0,,
train,323,-0.20812498530871693,1.2515256207898433,1,,
train,324,-0.41366862526930986,0.17452733786376262,0,,
train,325,1.993837573477042,1.657459605035974,1,,
train,326,-0.1450373334396239,-1.0302427858600853,0,,
train,327,-0.6253175218623955,-0.8048071230222895,0,,
train,328,-0.5418790145516598,-0.7712539080882922,0,,
train,329,0.3026814862765195,-0.018703230282919377,0,,
train,330,1.1472419871046984,0.5520010058712346,1,,
train,331,-1.5354077772126646,-0.9608894889206172,0,,
train,332,-0.24272143955950978,1.5975431497966928,1,,
train,333,0.04219053662349048,0.5010720189178457,1,,
train,334,-0.18980921541123835,0.3303101214858938,1,,
train,335,-0.2793529793544669,-0.32847130387000356,0,,
train,336,-0.5255983301983455,-0.9469589130774844,0,,
train,337,-0.629387692950724,-0.34075417719405626,0,,
train,338,1.8473114142972134,2.3120468785251225,1,,
train,339,-0.26714246608948106,-1.210591316130322,0,,
train,340,-0.4360545662551169,-0.6003422195182423,0,,
train,341,-0.7942296220280314,-0.3991727210523555,0,,
train,342,-0.7759138521305529,-0.5967472322038854,0,,
train,343,0.1561553270966903,0.06368189567109243,1,0.1004425629047264,9.955938708459064
train,344,-1.2317730140233532,-1.7098451794116332,0,,
train,345,0.7198740228301985,-0.33461274053202983,1,,
train,346,-0.40552828309265254,-1.5434272249845296,0,,
train,347,0.791102016875948,0.5984362586816775,1,,
train,348,-0.17759870214625254,-0.6352435546951236,0,,
train,349,1.0882245063239342,1.279985937028502,1,,
train,350,1.4952416151567915,1.9300794763747038,1,,
train,351,0.038120365535162,0.35577461496258844,0,,
train,352,0.9478036037765981,1.0567971412621793,1,,
train,353,1.6926449129407273,1.3578773288395678,1,,
train,354,-0.2956336637077812,-0.25357573482090195,0,,
train,355,-0.18777412986707376,0.5445114489663244,0,,
train,356,-0.22033549857370238,-0.2601665448972228,0,,
train,357,0.0014888257402048872,0.6972984098264918,1,,
train,358,-1.1137380524618246,-0.4935411380542235,0,,
train,359,-0.58461581097911,-0.9886008494687849,0,,
train,360,-0.000546259803959718,0.09513803467171496,0,,
train,361,-0.6924753448198171,-0.36801616432792905,0,,
train,362,-0.6314227784948887,-0.6860227505104146,0,,
train,363,0.8643650964658623,0.5594905627761447,1,,
train,364,-1.2702361308080583,-0.9965397797879895,0,,
train,365,1.5278029838634202,0.706285878112384,1,,
train,366,0.6852775685794052,2.099343462425674,1,,
train,367,-0.3037740058844382,-1.1807828796487794,0,,
train,368,-0.5093176458450311,-0.8335670215371446,0,,
train,369,-0.4299493096226242,-0.41265392348119373,0,,
train,370,-0.9651768077378315,-1.1749410252629495,0,,
train,371,2.787520935701114,1.9974854885188953,1,,
train,372,-0.6456683773040384,-0.406961860233462,0,,
train,373,-0.4787913626825671,-0.736502364049509,0,,
train,374,-0.25493195282449527,-1.3788067642146042,0,,
train,375,-0.22033549857370238,-0.7778447181646131,0,,
train,376,-0.5866508965232742,-0.5967472322038854,0,,
train,377,-1.020124117430267,-1.0224536466789789,0,,
train,378,-1.3548956894452926,-1.2937253977748246,0,,
train,379,1.364996140330277,0.749725308160863,1,,
train,380,-0.4523352506084312,-1.5711535646465067,0,,
train,381,-0.0432830562314092,0.5684780310620372,1,,
train,382,2.4354511365606926,1.0478096729762874,1,,
train,383,-0.3119143480610955,-0.8439026100659206,0,,
train,384,-0.5011773036683742,-0.7290128071445988,0,,
train,385,0.005558996828533375,0.5205448668706121,0,,
train,386,-1.0872819403876888,-1.0995960827995535,0,,
train,387,-1.032334630695253,-1.335367334166125,0,,
train,388,-0.38110725656268124,-0.8103493951319232,0,,
train,389,-1.0343697162394172,-0.7272153134874203,0,,
train,390,-0.5907210676116027,-0.23964515897776903,0,,
train,391,-0.2691775516336453,-0.1445277862854101,0,,
train,392,-0.22644075520619547,-0.8776056161380164,0,,
train,393,0.4654883298096626,0.5759675879669474,1,,
train,394,-0.6599139761131885,-1.1533711013768082,0,,
train,395,-0.6436332917598742,-0.34075417719405626,0,,
train,396,-0.6456683773040384,-0.47212100530618045,0,,
train,397,-0.4767562771384025,-0.47631515717292994,0,,
train,398,0.13580447165504786,0.2808790459134868,1,0.11796595165177268,8.477022276325382
train,399,-0.4441949084317743,0.02024246562261352,0,,
train,400,-1.144264335624289,-0.09959044485594912,0,,
train,401,-0.25086178173616674,-1.275600670064942,1,,
train,402,1.2815576330195413,0.35577461496258844,1,,
train,403,-1.0119837752536103,-1.3531924795998114,0,,
train,404,0.034050194446833514,0.3482850580576783,1,,
train,405,0.10934835958091234,0.24942290691286428,0,0.09547952750470322,10.473449399409114
train,406,0.7605757337134841,0.22845214757911564,1,,
train,407,-1.0302995451510888,-0.7907267560410585,0,,
train,408,-0.4971071325800457,0.30035189386625355,0,,
train,409,0.09103258968343378,0.4082015132969596,0,,
train,410,2.0182586000070133,1.422287518221795,1,,
train,411,-1.2093870730375462,-0.17448601390505075,0,,
train,412,-1.6876321759161537,-1.7098451794116332,0,,
train,413,-1.1625801055217675,-0.6280535800664098,0,,
train,414,-0.6436332917598742,-0.5318876694073634,0,,
train,415,-0.4808264482267314,-0.453397113043905,0,,
train,416,1.28562780410787,0.7242608146841684,1,,
train,417,0.8867510374516694,0.06517980705207431,1,,
train,418,0.32099725617399805,0.1265941736723377,1,,
train,419,-0.09619528037968099,-0.4787118153825013,0,,
train,420,0.038120365535162,1.3623710629825139,1,,
train,421,-0.6171771796857386,-1.3084049293084485,0,,
train,422,0.17040092590584038,0.620904929396408,1,,
train,423,2.036574369904492,1.9180961853268472,1,,
train,424,-1.2643343827299818,-0.9478576599060736,0,,
train,425,0.6059092323569979,1.3054504305051966,1,,
train,426,0.8073827012292628,1.3369065695058193,1,,
train,427,1.3426101993444701,1.8521880845636383,1,,
train,428,-0.315984519149424,-0.42373846770046064,0,,
train,429,-0.5337386723750028,-0.8789537363809001,0,,
train,430,-0.14096716235129542,-0.8275753760132164,0,,
train,431,0.04829579325598358,-0.8391092936467781,0,,
train,432,-0.5540895278166456,-0.19695468461978105,0,,
train,433,-0.8328962473671527,-0.3152896837173616,0,,
train,434,-0.16742327442543095,-0.8765570781713289,0,,
train,435,-1.0587907427693888,-1.3235338342563672,0,,
train,436,0.12969921502255477,0.944453787688527,1,,
train,437,0.8460493265683837,0.89502271211612,1,,
train,438,-0.6945104303639813,-0.995940615235597,0,,
train,439,-0.9244750968545459,-1.1040898169424997,0,,
train,440,-0.9529662944728461,-1.7098451794116332,0,,
train,441,1.3914522524044126,0.4246785384877618,1,,
train,442,0.04829579325598358,-0.05015936928354211,0,,
train,443,0.7707511614343057,1.0058681543087902,1,,
train,444,2.478187932988142,2.6490769392460787,1,,
train,445,0.8541896687450414,1.194604988312526,1,,
train,446,-0.7637033388655671,-0.43032927777678176,0,,
train,447,1.1818384413554917,0.9519433445934371,1,,
train,448,0.27622537420238324,-0.03218443271175763,1,,
train,449,-0.8756330437946029,-0.41999368924800556,0,,
train,450,-0.10637070810050256,0.11910461676742753,0,,
train,451,-0.9366856101195318,-0.23275476662525166,0,,
train,452,-0.9285452679428744,-1.7098451794116332,0,,
train,453,-1.0791415982110317,-1.3531924795998114,0,,
train,454,1.3100488306378415,0.848587459305677,1,,
train,455,-0.607001751964917,2.070883146187015,1,,
query,,0.1520851560083618,0.1640419581968883,0,,
