model,curve,x,y,area
Base,ROC,0.0,0.0,0.9892689470154259
Base,ROC,0.0,0.7619047619047619,0.9892689470154259
Base,ROC,0.028169014084507043,0.8571428571428571,0.9892689470154259
Base,ROC,0.04225352112676056,0.9285714285714286,0.9892689470154259
Base,ROC,0.08450704225352113,0.9523809523809523,0.9892689470154259
Base,ROC,0.14084507042253522,1.0,0.9892689470154259
Base,ROC,1.0,1.0,0.9892689470154259
Base,PR,0.0,1.0,0.9776223286357317
Base,PR,0.7619047619047619,1.0,0.9776223286357317
Base,PR,0.8571428571428571,0.9473684210526315,0.9776223286357317
Base,PR,0.9285714285714286,0.9285714285714286,0.9776223286357317
Base,PR,0.9523809523809523,0.8695652173913043,0.9776223286357317
Base,PR,1.0,0.8076923076923077,0.9776223286357317
Base,PR,1.0,0.37168141592920356,0.9776223286357317
Optimized,ROC,0.0,0.0,0.9815560026827633
Optimized,ROC,0.028169014084507043,0.7857142857142857,0.9815560026827633
Optimized,ROC,0.028169014084507043,0.8095238095238095,0.9815560026827633
Optimized,ROC,0.028169014084507043,0.8333333333333334,0.9815560026827633
Optimized,ROC,0.028169014084507043,0.8571428571428571,0.9815560026827633
Optimized,ROC,0.028169014084507043,0.8809523809523809,0.9815560026827633
Optimized,ROC,0.028169014084507043,0.9047619047619048,0.9815560026827633
Optimized,ROC,0.028169014084507043,0.9285714285714286,0.9815560026827633
Optimized,ROC,0.028169014084507043,0.9523809523809523,0.9815560026827633
Optimized,ROC,0.04225352112676056,0.9523809523809523,0.9815560026827633
Optimized,ROC,0.04225352112676056,0.9761904761904762,0.9815560026827633
Optimized,ROC,0.056338028169014086,0.9761904761904762,0.9815560026827633
Optimized,ROC,0.07042253521126761,0.9761904761904762,0.9815560026827633
Optimized,ROC,0.07042253521126761,1.0,0.9815560026827633
Optimized,ROC,0.08450704225352113,1.0,0.9815560026827633
Optimized,ROC,0.09859154929577464,1.0,0.9815560026827633
Optimized,ROC,0.11267605633802817,1.0,0.9815560026827633
Optimized,ROC,1.0,1.0,0.9815560026827633
Optimized,PR,0.0,1.0,0.9423761462408938
Optimized,PR,0.7857142857142857,0.9428571428571428,0.9423761462408938
Optimized,PR,0.8095238095238095,0.9444444444444444,0.9423761462408938
Optimized,PR,0.8333333333333334,0.9459459459459459,0.9423761462408938
Optimized,PR,0.8571428571428571,0.9473684210526315,0.9423761462408938
Optimized,PR,0.8809523809523809,0.9487179487179487,0.9423761462408938
Optimized,PR,0.9047619047619048,0.95,0.9423761462408938
Optimized,PR,0.9285714285714286,0.9512195121951219,0.9423761462408938
Optimized,PR,0.9523809523809523,0.9523809523809523,0.9423761462408938
Optimized,PR,0.9523809523809523,0.9302325581395349,0.9423761462408938
Optimized,PR,0.9761904761904762,0.9318181818181818,0.9423761462408938
Optimized,PR,0.9761904761904762,0.9111111111111111,0.9423761462408938
Optimized,PR,0.9761904761904762,0.8913043478260869,0.9423761462408938
Optimized,PR,1.0,0.8936170212765957,0.9423761462408938
Optimized,PR,1.0,0.875,0.9423761462408938
Optimized,PR,1.0,0.8571428571428571,0.9423761462408938
Optimized,PR,1.0,0.84,0.9423761462408938
Optimized,PR,1.0,0.37168141592920356,0.9423761462408938
